section,id,ja,en,chs,cht,opt,flags
tjs,TJSInternalError,内部エラーが発生しました,Internal error,发生了内部错误,發生了內部錯誤,,
tjs,TJSWarning,警告: ,Warning: ,警告：,警告：,,
tjs,TJSWarnEvalOperator,グローバルでない場所で後置 ! 演算子が使われています(この演算子の挙動はTJS2 version 2.4.1 で変わりましたのでご注意ください),Non-global post-! operator is used (note that the post-! operator behavior is changed on TJS2 version 2.4.1),使用运算符时非全局变量放在后面。（请注意：当前运算符在 TJS 2.4.1 有作改动）,使用運算子時非全域變數放在後面。（請注意：目前運算子在 TJS 2.4.1 有所改動）,,
tjs,TJSNarrowToWideConversionError,文字列を UNICODE 文字列に変換できません。解釈できない文字が含まれてます。正しいデータが指定されているかを確認してください。データが破損している可能性もあります,Cannot convert given narrow string to wide string,不能将现有文字转换为 Unicode 文字。包含的有不能识别的文字在内。请确认 data 是否指定有误。,不能將現有文字轉換為 Unicode 文字。包含有無法識別的文字在內。請確認 data 是否指定有誤。,,
tjs,TJSVariantConvertError,%1 から %2 へ型を変換できません,Cannot convert the variable type (%1 to %2),不能转换变量类型 %1 到 %2,不能轉換變數類型 %1 到 %2,,
tjs,TJSVariantConvertErrorToObject,%1 から Object へ型を変換できません。Object 型が要求される文脈で Object 型以外の値が渡されるとこのエラーが発生します,Cannot convert the variable type (%1 to Object),不能将 %1 转换为 Object 类型,不能將 %1 轉換為 Object 類型,,
tjs,TJSIDExpected,識別子を指定してください,Specify an ID,请指定 ID,請指定 ID,,
tjs,TJSSubstitutionInBooleanContext,論理値が求められている場所で = 演算子が使用されています(== 演算子の間違いですか？代入した上でゼロと値を比較したい場合は、(A=B) != 0 の形式を使うことをお勧めします),Substitution in boolean context (use form of '(A=B)!=0' to compare to zero),请使用 = 运算符来对比。（使用 '(A=B)!=0' 来与 0 作对比）,請使用 = 運算子來對比。（使用 '(A=B)!=0' 來與 0 作對比）,,
tjs,TJSCannotModifyLHS,不正な代入か不正な式の操作です,This expression cannot be used as a lvalue,进行了错误的表达式,執行了錯誤的運算式,,
tjs,TJSInsufficientMem,メモリが足りません,Insufficient memory,内存不足,記憶體不足,,
tjs,TJSCannotGetResult,この式からは値を得ることができません,Cannot get the value of this expression,不能从当前表达式中获取到结果,不能從目前的運算式中取得結果,,
tjs,TJSNullAccess,null オブジェクトにアクセスしようとしました,Accessing to null object,发生了访问 null 对象,發生了存取 null 物件,,
tjs,TJSMemberNotFound,"メンバ ""%1"" が見つかりません","Member ""%1"" does not exist","未找到 Member ""%1""","未找到 Member ""%1""",,
tjs,TJSMemberNotFoundNoNameGiven,メンバが見つかりません,Member does not exist,未指名 Member 未找到,未指名 Member 未找到,,
tjs,TJSNotImplemented,呼び出そうとした機能は未実装です,Called method is not implemented,调用了未实现的方法,呼叫了未實作的方法,,
tjs,TJSInvalidParam,不正な引数です,Invalid argument,参数不合法,參數不合法,,
tjs,TJSBadParamCount,引数の数が不正です,Invalid argument count,参数个数有误,參數個數有誤,,
tjs,TJSInvalidType,関数ではないかプロパティの種類が違います,Not a function or invalid method/property type,不是一个 function 或者 方法/属性 有误,不是一個 function 或者 方法/屬性 有誤,,
tjs,TJSSpecifyDicOrArray,Dictionary または Array クラスのオブジェクトを指定してください,Specify a Dictionary object or an Array object,请声明为 Dictionary 或者 Array 对象类型,請宣告為 Dictionary 或者 Array 物件類型,,
tjs,TJSSpecifyArray,Array クラスのオブジェクトを指定してください,Specify an Array object,请声明为 Array 对象,請宣告為 Array 物件,,
tjs,TJSStringDeallocError,文字列メモリブロックを解放できません,Cannot free the string memory block,不能释放 string 内存区域,不能釋放 string 記憶體區域,,
tjs,TJSStringAllocError,文字列メモリブロックを確保できません,Cannot allocate the string memory block,不能创建 string 内存区域,不能建立 string 記憶體區域,,
tjs,TJSMisplacedBreakContinue,"""break"" または ""continue"" はここに書くことはできません","Cannot place ""break"" or ""continue"" here","不能写 ""break"" 或者 ""continue"" 到这里","不能將 ""break"" 或者 ""continue"" 寫在這裡",,
tjs,TJSMisplacedCase,"""case"" はここに書くことはできません","Cannot place ""case"" here","不能写 ""case"" 到这里","不能將 ""case"" 寫在這裡",,
tjs,TJSMisplacedReturn,"""return"" はここに書くことはできません","Cannot place ""return"" here","不能把 ""return"" 写到这里","不能將 ""return"" 寫在這裡",,
tjs,TJSStringParseError,文字列定数/正規表現/オクテット即値が終わらないままスクリプトの終端に達しました,Un-terminated string/regexp/octet literal,string/regxp/octet 处理时发生了错误,string/regxp/octet 處理時發生了錯誤,,
tjs,TJSNumberError,数値として解釈できません,Cannot be parsed as a number,number 处理时发生了错误,number 處理時發生了錯誤,,
tjs,TJSUnclosedComment,コメントが終わらないままスクリプトの終端に達しました,Un-terminated comment,注释未关闭,註解未關閉,,
tjs,TJSInvalidChar,不正な文字です : '%1',Invalid character '%1',未知字符：'%1',未知字元：'%1',,
tjs,TJSExpected,%1 がありません,Expected %1,异常发生：%1,發生例外：%1,,
tjs,TJSSyntaxError,文法エラーです(%1),Syntax error (%1),语法有误 （%1）,語法有誤 （%1）,,
tjs,TJSPPError,条件コンパイル式にエラーがあります,Error in conditional compiling expression,条件表达式错误,條件運算式錯誤,,
tjs,TJSCannotGetSuper,スーパークラスが存在しないかスーパークラスを特定できません,Super class does not exist or cannot specify the super class,父类不存在或者不能定位到父类,父類別不存在或者無法定位到父類別,,
tjs,TJSInvalidOpecode,不正な VM コードです,Invalid VM code,VM 代码有误,VM 程式碼有誤,,
tjs,TJSRangeError,値が範囲外です,The value is out of the range,错误：取值范围以外,錯誤：取值範圍以外,,
tjs,TJSAccessDenyed,読み込み専用あるいは書き込み専用プロパティに対して行えない操作をしようとしました,Invalid operation for Read-only or Write-only property,对 只读/只写 属性进行了错误操作,對 唯讀/唯寫 屬性進行了錯誤操作,,
tjs,TJSNativeClassCrash,実行コンテキストが違います,Invalid object context,无效的 object context,無效的 object context,,
tjs,TJSInvalidObject,オブジェクトはすでに無効化されています,The object is already invalidated,对象已无效,物件已無效,,
tjs,TJSCannotOmit,"""..."" は関数外では使えません","""..."" is used out of functions","不能在方法之外使用 ""...""","不能在方法之外使用 ""...""",,
tjs,TJSCannotParseDate,不正な日付文字列の形式です,Invalid date format,不正确的日期格式,不正確的日期格式,,
tjs,TJSInvalidValueForTimestamp,不正な日付・時刻です,Invalid value for date/time,不正确的 日期/时间 值,不正確的 日期/時間 值,,
tjs,TJSExceptionNotFound,"""Exception"" が存在しないため例外オブジェクトを作成できません","Cannot convert exception because ""Exception"" does not exist","不能转换异常 因为 ""Exception"" 不存在","不能轉換例外 因為 ""Exception"" 不存在",,
tjs,TJSInvalidFormatString,不正な書式文字列です,Invalid format string,不正确的字符串格式,不正確的字串格式,,
tjs,TJSDivideByZero,0 で除算をしようとしました,Division by zero,被 0 整除了,被 0 整除了,,
tjs,TJSNotReconstructiveRandomizeData,乱数系列を初期化できません(おそらく不正なデータが渡されました),Cannot reconstruct random seeds,不能重新构造随机数列,不能重新建構隨機數列,,
tjs,TJSSymbol,識別子,ID,ID,ID,,
tjs,TJSCallHistoryIsFromOutOfTJS2Script,[TJSスクリプト管理外],[out of TJS2 script],[TJS2 脚本之外],[TJS2 腳本之外],,
tjs,TJSNObjectsWasNotFreed,合計 %1 個のオブジェクトが解放されていません,Total %1 Object(s) was not freed,共计 %1 个对象未释放,共計 %1 個物件未釋放,,
tjs,TJSObjectCreationHistoryDelimiter,\r\n                     , <-- ,\r\n                     ,\r\n                     ,CRLF,
tjs,TJSObjectCreationHistoryDelimiter,\n                     , <-- ,\n                     ,\n                     ,,
tjs,TJSObjectWasNotFreed,オブジェクト %1 [%2] が解放されていません。オブジェクト作成時の呼び出し履歴は以下の通りです:\r\n                     %3,Object %1 [%2] wes not freed / The object was created at : %2,对象 %1 [%2] 未释放。对象创建在：%2,物件 %1 [%2] 未釋放。物件建立於：%2,CRLF,
tjs,TJSObjectWasNotFreed,オブジェクト %1 [%2] が解放されていません。オブジェクト作成時の呼び出し履歴は以下の通りです:\n                     %3,Object %1 [%2] wes not freed / The object was created at : %2,对象 %1 [%2] 未释放。对象创建在：%2,物件 %1 [%2] 未釋放。物件建立於：%2,,
tjs,TJSGroupByObjectTypeAndHistory,オブジェクトのタイプとオブジェクト作成時の履歴による分類,Group by object type and location where the object was created,以对象类型和所在位置来分组,以物件類型和所在位置來分組,,
tjs,TJSGroupByObjectType,オブジェクトのタイプによる分類,Group by object type,以为对象类型来分组,以物件類型來分組,,
tjs,TJSObjectCountingMessageGroupByObjectTypeAndHistory,%1 個 : [%2]\r\n                     %3,%1 time(s) : [%2] %3,%1 个： [%2]\r\n                     %3,%1 個： [%2]\r\n                     %3,CRLF,
tjs,TJSObjectCountingMessageGroupByObjectTypeAndHistory,%1 個 : [%2]\n                     %3,%1 time(s) : [%2] %3,%1 个：[%2]\n                     %3,%1 個：[%2]\n                     %3,,
tjs,TJSObjectCountingMessageTJSGroupByObjectType,%1 個 : [%2],%1 time(s) : [%2],%1 个： [%2],%1 個： [%2],,
tjs,TJSWarnRunningCodeOnDeletingObject,%4: 削除中のオブジェクト %1[%2] 上でコードが実行されています。このオブジェクトの作成時の呼び出し履歴は以下の通りです:\r\n                     %3,%4: Running code on deleting-in-progress object %1[%2] / The object was created at : %3,%4：运行代码在正在删除的进城中，对象 %1[%2] / 对象创建在：%3,%4：程式碼執行於正在刪除的處理程序中，物件 %1[%2] / 物件建立於：%3,CRLF,
tjs,TJSWarnRunningCodeOnDeletingObject,%4: 削除中のオブジェクト %1[%2] 上でコードが実行されています。このオブジェクトの作成時の呼び出し履歴は以下の通りです:\n                     %3,%4: Running code on deleting-in-progress object %1[%2] / The object was created at : %3,%4：运行代码在正在删除的进城中，对象 %1[%2] / 对象创建在：%3,%4：程式碼執行於正在刪除的處理程序中，物件 %1[%2] / 物件建立於：%3,,
tjs,TJSWriteError,書き込みエラーが発生しました,Write error,写入错误,寫入錯誤,,
tjs,TJSReadError,読み込みエラーが発生しました。ファイルが破損している可能性や、デバイスからの読み込みに失敗した可能性があります,Read error,读取错误,讀取錯誤,,
tjs,TJSSeekError,シークエラーが発生しました。ファイルが破損している可能性や、デバイスからの読み込みに失敗した可能性があります,Seek error,查询错误,查詢錯誤,,
tjs,TJSByteCodeBroken,バイトコードファイル読み込みエラー。ファイルが壊れているかバイトコードとは異なるファイルです,Bytecode read error. File is broken or it's not bytecode file.,读取 Bytecode 错误。文件已损坏或者该文件不是 bytecode 文件。,讀取 Bytecode 錯誤。檔案已損毀或者該檔案不是 bytecode 檔案。,,
tjs,TJSObjectHashMapLogVersionMismatch,Object Hash Map ログのバージョンが一致しません,Object Hash Map log version mismatch,对象的哈希图与日志版本不一致,物件的雜湊表與日誌版本不一致,,
tjs,TJSCurruptedObjectHashMapLog,不正な Object Hash Map ログ,Currupted Object Hash Map log,对象哈希图已损坏,物件雜湊表已損毀,,
tjs,TJSUnknownFailure,未知のエラー %08X,Unknown failure : %08X,未知错误：%08X,未知錯誤：%08X,,
tjs,TJSUnknownPackUnpackTemplateCharcter,不明な pack/unpack TEMPLATE 文字です,Unknown pack/unpack TEMPLATE charcter,未知打包/解包模板字符,未知打包/解包範本字元,,
tjs,TJSUnknownBitStringCharacter,不明な bit string 文字です,Unknown bit string charcter,未知 bit string 字符,未知 bit string 字元,,
tjs,TJSUnknownHexStringCharacter,不明な16進数文字です,Unknown Hex string charcter,未知 16 进制字符,未知 16 進位字元,,
tjs,TJSNotSupportedUuencode,uuencode はサポートしていません,Not supported uuencode,不支持 uuencode,不支援 uuencode,,
tjs,TJSNotSupportedBER,BER圧縮はサポートしていません,Not supported BER,不支持 BER 压缩,不支援 BER 壓縮,,
tjs,TJSNotSupportedUnpackLP,'p' unpack はサポートしていません,Not supported unpack 'p',不支持解包 'p',不支援解包 'p',,
tjs,TJSNotSupportedUnpackP,'P' unpack はサポートしていません,Not supported unpack 'P',不支持解包 'p',不支援解包 'p',,
tvp,TVPVersionInformation,吉里吉里[きりきり] Z 実行コア/%1 (Compiled on %DATE% %TIME%) TJS2/%2 Copyright (C) 1997-2013 W.Dee and contributors All rights reserved.,Kirikiri Z Executable core /%1 (Compiled on %DATE% %TIME%) TJS2/%2 Copyright (C) 1997-2013 W.Dee and contributors All rights reserved.,吉里吉里Z 核心可执行文件 /%1 （编译日期 %DATE% %TIME%）TJS2 %2 Copyright (C) 1997-2013 W.Dee 及其贡献者 All rights reserved.,吉里吉里Z 核心可執行檔 /%1 （編譯日期 %DATE% %TIME%）TJS2 %2 Copyright (C) 1997-2013 W.Dee 及其貢獻者 All rights reserved.,,
tvp,TVPVersionInformation2,バージョン情報の詳細は -about を付けて起動すると閲覧できます,The details of version information can be perused if -about is attached and started. ,详细版本信息可以通过添加 -about 参数来启动查看。,詳細版本資訊可以透過添加 -about 參數來啟動查看。,,
tvp,TVPDownloadPageURL,http://krkrz.github.io/,http://krkrz.github.io/,http://krkrz.github.io/,http://krkrz.github.io/,,
tvp,TVPInternalError,内部エラーが発生しました: at %1 line %2,Internal Error: at %1 line %2,在 %1 行 %2 处发生了内部错误。,在 %1 行 %2 處發生了內部錯誤。,,
tvp,TVPInvalidParam,不正なパラメータです,Invalid Parameter,参数不合法,參數不合法,,
tvp,TVPWarnDebugOptionEnabled,"-debug オプションが指定されているため,現在 吉里吉里はデバッグモードで動作しています。デバッグモードでは十分な実行速度が出ない場合があるので注意してください",Debug option enabled,已启动调试设置。,已啟動偵錯設定。,,
tvp,TVPCommandLineParamIgnoredAndDefaultUsed,コマンドラインパラメータ %1 に指定された値 %2 は無効のためデフォルトの設定を用います,Command line parameter %1 = %2 is invalid. It's used default.,命令行参数 %1 = %2 是不合法的。已使用默认值。,命令列參數 %1 = %2 是不合法的。已使用預設值。,,
tvp,TVPInvalidCommandLineParam,コマンドラインパラメータ %1 に指定された値 %2 は無効です,Command line parameter %1 = %2 is invalid.,命令行参数 %1 = %2 是不合法的。,命令列參數 %1 = %2 是不合法的。,,
tvp,TVPNotImplemented,未実装の機能を呼び出そうとしました,Not implemented,未实现。,未實作。,,
tvp,TVPCannotOpenStorage,ストレージ %1 を開くことができません,Cannot open storage %1,不能打开文件 %1,不能開啟檔案 %1,,
tvp,TVPCannotFindStorage,ストレージ %1 が見つかりません,Cannot find storage %1,不能找到文件 %1,找不到檔案 %1,,
tvp,TVPCannotOpenStorageForWrite,ストレージ %1 を書き込み用に開くことができません。ファイルが書き込み禁止になっていないか、あるいはファイルに書き込み権限があるかどうか、あるいはそもそもそれが書き込み可能なメディアやファイルなのかを確認してください,Cannot open storage %1 for writing,不能写入文件 %1,不能寫入檔案 %1,,
tvp,TVPStorageInArchiveNotFound,ストレージ %1 がアーカイブ %2 の中に見つかりません,Cannot find storage %1 in archive %2,不能在归档 %2 中找到文件 %1,不能在封存檔 %2 中找到檔案 %1,,
tvp,TVPInvalidPathName,パス名 %1 は無効な形式です。形式が正しいかどうかを確認してください,Invalid path name %1,非法路径名 %1,非法路徑名 %1,,
tvp,TVPUnsupportedMediaName,"""%1"" は対応していないメディアタイプです","Not supported media type ""%1""","不支持的媒体类型文件 ""%1""","不支援的媒體類型檔案 ""%1""",,
tvp,TVPCannotUnbindXP3EXE,%1 は実行可能ファイルに見えますが、これに結合されたアーカイブを発見できませんでした,Cannot unbind XP3 exe %1,不能解绑 XP3 exe %1,不能解除綁定 XP3 exe %1,,
tvp,TVPCannotFindXP3Mark,%1 は XP3 アーカイブではないか、対応できない形式です。アーカイブファイルを指定すべき場面で通常のファイルを指定した場合、あるいは対応できないアーカイブファイルを指定した場合などにこのエラーが発生しますので、確認してください,%1 is not XP3 archive or unsupported,%1 不是 XP3 归档文件或者是未支持的文件,%1 不是 XP3 封存檔或者是不支援的檔案,,
tvp,TVPMissingPathDelimiterAtLast,パス名の最後には '>' または '/' を指定してください (吉里吉里２ 2.19 beta 14 よりアーカイブの区切り記号が '#' から '>' に変わりました),Use path delimiter '>' or '/',请使用路径分隔符 '>' 或者 '/',請使用路徑分隔符號 '>' 或者 '/',,
tvp,TVPFilenameContainsSharpWarn,"(注意) '#' がファイル名 ""%1"" に含まれています。アーカイブの区切り文字は吉里吉里２ 2.19 beta 14 より'#' から '>' に変わりました。もしアーカイブの区切り文字のつもりで '#' を使用した場合は、お手数ですが '>' に変えてください","(Attention) Filename ""%1"" contains '#'","（Attention）文件名 ""%1"" 含有 '#'","（Attention）檔案名稱 ""%1"" 含有 '#'",,
tvp,TVPCannotGetLocalName,ストレージ名 %1 をローカルファイル名に変換できません。アーカイブファイル内のファイルや、ローカルファイルでないファイルはローカルファイル名に変換できません。,Cannot get local name from %1,不能从 %1 中获取到本地名称,不能從 %1 中取得本地名稱,,
tvp,TVPReadError,読み込みエラーです。ファイルが破損している可能性や、デバイスからの読み込みに失敗した可能性があります,Read error,读取发生了错误,讀取時發生了錯誤,,
tvp,TVPWriteError,書き込みエラーです,Write error,写入发生了错误,寫入時發生了錯誤,,
tvp,TVPSeekError,シークに失敗しました。ファイルが破損している可能性や、デバイスからの読み込みに失敗した可能性があります,Seek error,查找发生了错误,搜尋時發生了錯誤,,
tvp,TVPTruncateError,ファイルの長さを切り詰めるのに失敗しました,Truncate error,截取过程中发生了错误,截斷過程中發生了錯誤,,
tvp,TVPInsufficientMemory,メモリ確保に失敗しました。,Cannot allocate memory,不能分配内存,不能配置記憶體,,
tvp,TVPUncompressionFailed,ファイルの展開に失敗しました。未対応の圧縮形式が指定されたか、あるいはファイルが破損している可能性があります,Unpompression failed,解压缩失败,解壓縮失敗,,
tvp,TVPCompressionFailed,ファイルの圧縮に失敗しました,Compression failed,压缩失败,壓縮失敗,,
tvp,TVPCannotWriteToArchive,アーカイブにデータを書き込むことはできません,Cannot write to archive,不能写入到归档中,不能寫入到封存檔中,,
tvp,TVPUnsupportedCipherMode,%1 は未対応の暗号化形式か、データが破損しています,%1 is unsupported cipger mode,不支持密码模式 %1,不支援密碼模式 %1,,
tvp,TVPUnsupportedEncoding,%1 は未対応のエンコード方式です。,%1 is unsupported encoding,不支持的编码格式 %1,不支援的編碼格式 %1,,
tvp,TVPUnsupportedModeString,認識できないモード文字列の指定です(%1),%1 is unsupported mode string,不能识别 %1 文字列。,不能識別 %1 字串。,,
tvp,TVPUnknownGraphicFormat,%1 は未知の画像形式です,Unknown graphic format %1,%1 是未知的图片格式,%1 是未知的圖片格式,,
tvp,TVPCannotSuggestGraphicExtension,%1 について適切な拡張子を持ったファイルを見つけられませんでした,Cannot suggest graphics extension for %1,未找到对应扩展名为 %1 的文件,未找到對應副檔名為 %1 的檔案,,
tvp,TVPMaskSizeMismatch,マスク画像のサイズがメイン画像のサイズと違います,Mask size mismath,mask 图片的大小和主要图片的大小不一致,mask 圖片的大小與主要圖片的大小不一致,,
tvp,TVPProvinceSizeMismatch,領域画像 %1 はメイン画像とサイズが違います,Province image %1 size mismatch,区域图片 %1 与主要图片的大小不一致,區域圖片 %1 與主要圖片的大小不一致,,
tvp,TVPImageLoadError,画像読み込み中にエラーが発生しました/%1,Image Load Error /%1,载入图片中发生了错误 /%1,載入圖片中發生了錯誤 /%1,,
tvp,TVPJPEGLoadError,JPEG 読み込み中にエラーが発生しました/%1,JPEG Read Error /%1,载入 JPEG 图片发生了错误 /%1,載入 JPEG 圖片發生了錯誤 /%1,,
tvp,TVPPNGLoadError,PNG 読み込み中にエラーが発生しました/%1,PNG Read Error /%1,载入 PNG 图片过程中发生了错误 /%1,載入 PNG 圖片過程中發生了錯誤 /%1,,
tvp,TVPERILoadError,ERI 読み込み中にエラーが発生しました/%1,ERI Read Error /%1,载入 ERI 图片过程中发生了错误 /%1,載入 ERI 圖片過程中發生了錯誤 /%1,,
tvp,TVPTLGLoadError,TLG 読み込み中にエラーが発生しました/%1,TLG Read Error /%1,载入 TLG 图片过程中发生了错误 /%1,載入 TLG 圖片過程中發生了錯誤 /%1,,
tvp,TVPInvalidImageSaveType,無効な保存画像形式です(%1),Invalid image save type (%1),图片保存格式无效（%1）,圖片儲存格式無效（%1）,,
tvp,TVPInvalidOperationFor8BPP,8bpp 画像に対しては行えない操作を行おうとしました,Invalid operation for 8bpp,发生了对 8bpp 图片格式无效的操作。,發生了對 8bpp 圖片格式無效的操作。,,
tvp,TVPInvalidOperationFor32BPP,32bpp 画像に対しては行えない操作を行おうとしました,Invalid operation for 32bpp,发生了对 32bpp 图片格式无效的操作。,發生了對 32bpp 圖片格式無效的操作。,,
tvp,TVPSpecifyWindow,Window クラスのオブジェクトを指定してください,Specify Window class object,请声明为 Window 类的对象。,請宣告為 Window 類別的物件。,,
tvp,TVPSpecifyLayer,Layer クラスのオブジェクトを指定してください,Specify Layer class object,请声明为 Layer 类的对象。,請宣告為 Layer 類別的物件。,,
tvp,TVPSpecifyLayerOrBitmap,Layer クラスか Bitmap クラスのオブジェクトを指定してください,Specify Layer or Bitmap class object,请声明为 Layer 类或者 Bitmap 类的对象。,請宣告為 Layer 類別或者 Bitmap 類別的物件。,,
tvp,TVPCannotAcceptModeAuto,この操作で mode に omAuto を指定することは出来ません,Cannot accept omAuto mode,不能指定为 omAuto 模式。,不能指定為 omAuto 模式。,,
tvp,TVPCannotCreateEmptyLayerImage,画像サイズの横幅あるいは縦幅を 0 以下の数に設定することはできません,Cannot create empty layer image,图层大小不能指定为 0 以下的数值。,圖層大小不能指定為 0 以下的數值。,,
tvp,TVPCannotSetPrimaryInvisible,プライマリレイヤは不可視にできません,Cannot set primary layer invisible,不能把主图层设为为隐藏。,不能將主圖層設為隱藏。,,
tvp,TVPCannotMovePrimary,プライマリレイヤは移動できません,Cannot move primary layer,不能移动主图层。,不能移動主圖層。,,
tvp,TVPCannotSetParentSelf,自分自身を親とすることはできません,Cannot set parent self,不能将父图层设置为自身。,不能將父圖層設定為自身。,,
tvp,TVPCannotMoveNextToSelfOrNotSiblings,自分自身の前後や親の異なるレイヤの前後に移動することはできません,Cannot move next to self or not siblings,Cannot move next to self or not siblings,Cannot move next to self or not siblings,,
tvp,TVPCannotMovePrimaryOrSiblingless,プライマリレイヤや兄弟の無いレイヤは前後に移動することはできません,Cannot move primary or siblingless,Cannot move primary or siblingless,Cannot move primary or siblingless,,
tvp,TVPCannotMoveToUnderOtherPrimaryLayer,別のプライマリレイヤ下にレイヤを移動することはできません,Cannot move to under Other primary layer,Cannot move to under Other primary layer,Cannot move to under Other primary layer,,
tvp,TVPInvalidImagePosition,レイヤ領域に画像の無い領域が発生しました,Invalid Image position,图片位置设置有误。,圖片位置設定有誤。,,
tvp,TVPCannotSetModeToDisabledOrModal,すでにモーダルなレイヤの親レイヤ、あるいは不可視/無効なレイヤをモーダルにすることはできません,Cannot set Mode to disabled or modal,已经设置为 Modal 层或者不能设置隐藏层/无效层为弹出层。,已經設定為 Modal 層或者不能將隱藏層/無效層設定為彈出層。,,
tvp,TVPNotDrawableLayerType,この type のレイヤでは描画や画像読み込みや画像サイズ/位置の変更/取得はできません,Not drawable layer type,非可描绘层类型。,非可繪製層類型。,,
tvp,TVPSourceLayerHasNoImage,転送元レイヤは画像を持っていません,Source layer has no image,来源 layer 未包含图片。,來源 layer 未包含圖片。,,
tvp,TVPUnsupportedLayerType,%1 はこの type のレイヤでは使用できません,Unsupported layer type %1,未被支持的 layer 类型 %1,不支援的 layer 類型 %1,,
tvp,TVPNotDrawableFaceType,%1 ではこの face に描画できません,Not drawble face type %1,不可描绘的 face 类型,不可繪製的 face 類型,,
tvp,TVPCannotConvertLayerTypeUsingGivenDirection,指定されたレイヤタイプ変換はできません,Cannot convert layer type using given direction,不能转换 layer 类型到指定的 direction,不能轉換 layer 類型到指定的 direction,,
tvp,TVPNegativeOpacityNotSupportedOnThisFace,負の不透明度はこの face では指定できません,Negative opacity not supported on this face,当前字型不支持负透明度。,目前字型不支援負透明度。,,
tvp,TVPSrcRectOutOfBitmap,転送元がビットマップ外の領域を含んでいます。正しい範囲に収まるように転送元を指定してください,Source rectangle out of bitmap,转换源包含 bitmap 以外的领域。请指定为正确的转换范围。,轉換來源包含 bitmap 以外的區域。請指定為正確的轉換範圍。,,
tvp,TVPBoxBlurAreaMustContainCenterPixel,"矩形ブラーの範囲は必ず(0,0)をその中に含む必要があります。leftとrightが両方とも正の数値、あるいは両方とも負の数値という指定はできません(topとbottomに対しても同様)",Box blur area must contain center pixel,"模糊（blur）矩形的范围一定是包含（0,0）的。不能指定 left 和 right 两个都是正直或者都是负值。（top 和 bottom 一样。）","模糊（blur）矩形的範圍一定要包含（0,0）。不能將 left 和 right 兩個都指定為正值或者都是負值。（top 和 bottom 相同。）",,
tvp,TVPBoxBlurAreaMustBeSmallerThan16Million,矩形ブラーの範囲が大きすぎます。矩形ブラーの範囲は1677万以下である必要があります,Box blur area must be smaller than 16 million,指定的模糊（blur）矩形的范围太大。模糊矩形的像素值应小于 1677 万。,指定的模糊（blur）矩形的範圍太大。模糊矩形的像素值應小於 1677 萬。,,
tvp,TVPCannotChangeFocusInProcessingFocus,フォーカス変更処理中はフォーカスを新たに変更することはできません,Cannot change focus in processing focus,正在处理 focus 的过程中不能进行新的 focus 指定。,正在處理 focus 的過程中不能進行新的 focus 指定。,,
tvp,TVPWindowHasNoLayer,ウィンドウにレイヤがありません,Window has no layer,Window 内未找到 Layer。,Window 內未找到 Layer。,,
tvp,TVPWindowHasAlreadyPrimaryLayer,ウィンドウにはすでにプライマリレイヤがあります,Window has already primary layer,Window 已经设置过 PrimaryLayer 了。,Window 已經設定過 PrimaryLayer 了。,,
tvp,TVPSpecifiedEventNeedsParameter,イベント %1 にはパラメータが必要です,Specified event %1 needs parameter,事件（Event）%1 需要指定参数（Parameter）。,事件（Event）%1 需要指定參數（Parameter）。,,
tvp,TVPSpecifiedEventNeedsParameter2,イベント %1 にはパラメータ %2 が必要です,Specified event %1 needs parameter %2,事件（Event）%1 需要指定第二个参数（Parameter）%2,事件（Event）%1 需要指定第二個參數（Parameter）%2,,
tvp,TVPSpecifiedEventNameIsUnknown,イベント名 %1 は未知のイベント名です,Specified event name %1 is unknown,未知事件(Event) %1,未知事件(Event) %1,,
tvp,TVPOutOfRectangle,矩形外を指定されました,Out of Rectangle,超过允许矩形指定的范围了,超過允許矩形指定的範圍了,,
tvp,TVPInvalidMethodInUpdating,画面更新中はこの機能を実行できません,Invalid method in updating,在画面更新时不能执行该方法,在畫面更新時不能執行該方法,,
tvp,TVPCannotCreateInstance,このクラスはインスタンスを作成できません,Cannot create instance,实例化当前类失败,實例化目前類別失敗,,
tvp,TVPUnknownWaveFormat,%1 は対応できない Wave 形式です,Unknown wave format %1,未支持的 Wave 文件格式 %1,不支援的 Wave 檔案格式 %1,,
tvp,TVPCurrentTransitionMustBeStopping,現在のトランジションを停止させてから新しいトランジションを開始してください。同じレイヤに対して複数のトランジションを同時に実行しようとするとこのエラーが発生します,Current transition must be stopping,在使用新的 Transition 之前需要先停止之前的。在同一 Layer 上执行复数的 Transition 时发生了错误。,在使用新的 Transition 之前需要先停止之前的。在同一 Layer 上執行複數個 Transition 時發生了錯誤。,,
tvp,TVPTransHandlerError,トランジションハンドラでエラーが発生しました : %1,Transition handler error %1,Transition Handler 发生了错误：%1,Transition Handler 發生了錯誤：%1,,
tvp,TVPTransAlreadyRegistered,トランジション %1 は既に登録されています,Transition %1 already registerd,Transition %1 已被注册过,Transition %1 已被註冊過,,
tvp,TVPCannotFindTransHander,トランジションハンドラ %1 が見つかりません,Cannot find transition handler %1,未找到 %1 transition handler.,未找到 %1 transition handler.,,
tvp,TVPSpecifyTransitionSource,トランジション元を指定してください,Specify transition source,请声明 transition 发生的源,請宣告 transition 發生的來源,,
tvp,TVPLayerCannotHaveImage,このレイヤは画像を持つことはできません,This layer cannot have image,Layer 不能持有图片,Layer 不能持有圖片,,
tvp,TVPTransitionSourceAndDestinationMustHaveImage,トランジション元とトランジション先はともに画像を持っている必要があります,Transition source and destination must have image,执行 transition 的源和目的都需要持有图片,執行 transition 的來源和目的都需要持有圖片,,
tvp,TVPCannotLoadRuleGraphic,ルール画像 %1 を読み込むことができません,Cannot load rule graphics %1,载入 rule 图片 %1 失败,載入 rule 圖片 %1 失敗,,
tvp,TVPSpecifyOption,オプション %1 を指定してください,Specify option %1,请指定 %1 设置,請指定 %1 設定,,
tvp,TVPTransitionLayerSizeMismatch,トランジション元(%1)とトランジション先(%2)のレイヤのサイズが一致しません,Transition layer size mismatch %1 and %2,发生 transition 的源（%1）和目的（%2） 的 layer 大小不一致,發生 transition 的來源（%1）和目的（%2） 的 layer 大小不一致,,
tvp,TVPTransitionMutualSource,トランジション元のトランジション元が自分自身です,Transition mutual source,发生 transition 的源是自身,發生 transition 的來源是自身,,
tvp,TVPHoldDestinationAlphaParameterIsNowDeprecated,警告 : メソッド %1 の %2 番目に渡された hda パラメータは、吉里吉里２ 2.23 beta 2 より無視されるようになりました。代わりに Layer.holdAlpha プロパティを用いてください。,Warring : Method %1 %2th parameter had is ignore. Hold destination alpha parameter is now deprecated.,警告：%1 方法的第二个参数 %2 已在 2.23 beta 2 中开始不推荐使用。请使用 Layer.holdAlpha 属性作替代。,警告：%1 方法的第二個參數 %2 已在 2.23 beta 2 中開始不推薦使用。請使用 Layer.holdAlpha 屬性作替代。,,
tvp,TVPCannotConnectMultipleWaveSoundBufferAtOnce,複数の WaveSoundBuffer を一つのフィルタで同時に使用することはできません,Cannot connect multiple wave sound buffer at once,不能同时连接多个 WaveSoundBuffer,不能同時連接多個 WaveSoundBuffer,,
tvp,TVPInvalidWindowSizeMustBeIn64to32768,window は 64～32768 の範囲の 2 の累乗で無ければなりません,Invalid window size must be in 64 to 32768,Window 大小必须在 64 到 32768 之间,Window 大小必須在 64 到 32768 之間,,
tvp,TVPInvalidOverlapCountMustBeIn2to32,overlap は 2～32 の範囲の 2 の累乗で無ければなりません,Invalid overlap count must be in 2 to 32,Overlap 数值范围必须在 2 到 32 之间,Overlap 數值範圍必須在 2 到 32 之間,,
tvp,TVPCurrentlyAsyncLoadBitmap,Bitmap を非同期読込み中のため、このメソッドは呼び出せません,Currently async load bitmap,正在异步载入 Bitmap 中,正在非同步載入 Bitmap 中,,
tvp,TVPFaildClipboardCopy,クリップボードへのコピーに失敗しました,copying to clipboard failed.,拷贝粘贴板数据失败,複製剪貼簿資料失敗,,
tvp,TVPInvalidUTF16ToUTF8,UTF-16では発生し得ないUTF-8への変換です,Invalid UTF-16 to UTF-8,UTF-16 载入失败，转换为 UTF-8,UTF-16 載入失敗，轉換為 UTF-8,,
tvp,TVPInfoLoadingStartupScript,(info) 起動スクリプト読込み中 : ,(info) Loading startup script : ,（info）读取启动脚本中：,（info）讀取啟動腳本中：,,
tvp,TVPInfoStartupScriptEnded,(info) 起動スクリプト実行終了。,(info) Startup script ended.,（info）启动脚本读取完毕！,（info）啟動腳本讀取完畢！,,
tvp,TVPTjsCharMustBeTwoOrFour,sizeof(tjs_char) は 2 か 4 でなければなりません。,sizeof(tjs_char) must be 2 or 4.,sizeof(tjs_char) 只能为 2 或者 4,sizeof(tjs_char) 只能為 2 或者 4,,
tvp,TVPMediaNameHadAlreadyBeenRegistered,"メディア名 ""%1"" は既に登録されています","Media name ""%1"" had already been registered","媒体 ""%1"" 已被注册","媒體 ""%1"" 已被註冊",,
tvp,TVPMediaNameIsNotRegistered,"メディア名 ""%1"" は登録されていません","Media name ""%1"" is not registered","媒体 ""%1"" 未注册","媒體 ""%1"" 未註冊",,
tvp,TVPInfoRebuildingAutoPath,(info) 自動検索パステーブルを再構築しています ...,(info) Rebuilding Auto Path Table ...,（info）自动路径再构建中...,（info）自動路徑重新建構中...,,
tvp,TVPInfoTotalFileFoundAndActivated,"(info) Total %1 file(s) found, %2 file(s) activated. (%3ms)","(info) Total %1 file(s) found, %2 file(s) activated. (%3ms)",（info）共找到 %1 个文件，已使用 %2 个文件。（耗时 %3 ms）,（info）共找到 %1 個檔案，已使用 %2 個檔案。（耗時 %3 ms）,,
tvp,TVPErrorInRetrievingSystemOnActivateOnDeactivate,Error in retrieving System.onActivate/onDeactivate : %1,Error in retrieving System.onActivate/onDeactivate : %1,获取 System.onActive/onDeactive 发生错误：%1,取得 System.onActive/onDeactive 發生錯誤：%1,,
tvp,TVPTheHostIsNotA16BitUnicodeSystem,The host is not a 16-bit unicode system.,The host is not a 16-bit unicode system.,主机环境为非 16 位 Unicode 系统,主機環境為非 16 位元 Unicode 系統,,
tvp,TVPInfoTryingToReadXp3VirtualFileSystemInformationFrom,(info) Trying to read XP3 virtual file system information from : %1,(info) Trying to read XP3 virtual file system information from : %1,（info）尝试从 %1 中读取 XP3 虚拟文件系统信息中,（info）嘗試從 %1 中讀取 XP3 虛擬檔案系統資訊中,,
tvp,TVPSpecifiedStorageHadBeenProtected,Specified storage had been protected!,Specified storage had been protected!,指定的文件已经被保护！,指定的檔案已經被保護！,,
tvp,TVPInfoFailed,(info) 失敗。,(info) Failed.,（info）失败。,（info）失敗。,,
tvp,TVPInfoDoneWithContains,"(info) Done. (contains %1 file(s), %2 segment(s))","(info) Done. (contains %1 file(s), %2 segment(s))",（info）完成。（共计：%1 个文件，%2 块。）,（info）完成。（共計：%1 個檔案，%2 塊。）,,
tvp,TVPSeparatorCRLF,\r\n\r\n\r\n==============================================================================\r\n==============================================================================\r\n,\r\n\r\n\r\n==============================================================================\r\n==============================================================================\r\n,\r\n\r\n\r\n==============================================================================\r\n==============================================================================\r\n,\r\n\r\n\r\n==============================================================================\r\n==============================================================================\r\n,,
tvp,TVPSeparatorCR,\n\n\n==============================================================================\n==============================================================================\n,\n\n\n==============================================================================\n==============================================================================\n,\n\n\n==============================================================================\n==============================================================================\n,\n\n\n==============================================================================\n==============================================================================\n,,
tvp,TVPDefaultFontName,ＭＳ Ｐゴシック,DEFAULT_GUI_FONT,微软雅黑,微軟正黑體,,
tvp,TVPCannotOpenFontFile,Can't open font file '%1$s',Can't open font file '%1$s',不能打开字体文件 '%1$s',不能開啟字型檔案 '%1$s',,
tvp,TVPFontCannotBeUsed,フォント '%1$s' は使用できません,Font '%1$s' cannot be used,不能使用 '%1$s' 字体,不能使用 '%1$s' 字型,,
tvp,TVPFontRasterizeError,フォント ラスタライズ エラー.,Font Rasterize error.,字体光栅化发生错误,字型點陣化發生錯誤,,
tvp,TVPBitFieldsNotSupported,BITFIELDS not supported.,BITFIELDS not supported.,不支持 BitFields,不支援 BitFields,,
tvp,TVPCompressedBmpNotSupported,Compressed BMP not supported.,Compressed BMP not supported.,不支持压缩 BMP,不支援壓縮 BMP,,
tvp,TVPUnsupportedColorModeForPalettImage,Unsupported color mode for palettized image.,Unsupported color mode for palettized image.,不支持的调色图像的色彩类型,不支援的調色盤影像的色彩類型,,
tvp,TVPNotWindowsBmp,This is not a Windows BMP file or an OS/2 BMP file.,This is not a Windows BMP file or an OS/2 BMP file.,该文件不是一个 Windows BMP 文件或者 OS/2 BMP 文件,該檔案不是一個 Windows BMP 檔案或者 OS/2 BMP 檔案,,
tvp,TVPUnsupportedHeaderVersion,Non-supported header version.,Non-supported header version.,不支持的头文件版本。,不支援的標頭版本。,,
tvp,TVPInfoTouching,(info) Touching ,(info) Touching ,（info）触下…,（info）觸下…,,
tvp,TVPAbortedTimeOut, ... 中断 [タイムアウト], ... aborted [timed out], ... 已中断 [已超时], ... 已中斷 [已逾時],,
tvp,TVPAbortedLimitByte, ... 中断 [バイトサイズ上限値超過], ... aborted [limit bytes exceeded], ... 已中断 [超出字节限制], ... 已中斷 [超出位元組限制],,
tvp,TVPFaildGlyphForDrawGlyph,Faild glyph for DrawGlyph.,Faild glyph for DrawGlyph.,DrawGlyph 失败,DrawGlyph 失敗,,
tvp,TVPLayerObjectIsNotProperlyConstructed,Panic! Layer object is not properly constructed. The constructor was not called??,Panic! Layer object is not properly constructed. The constructor was not called??,Panic！Layer 对象没有属性构造方法。未进行调用构造方法？,Panic！Layer 物件沒有屬性建構方法。未呼叫建構方法？,,
tvp,TVPUnknownUpdateType,不明な update タイプ,Unknown update type,未知 Update 类型,未知 Update 類型,,
tvp,TVPUnknownTransitionType,不明な transition タイプ,Unknown transition type,未知 transition 类型,未知 transition 類型,,
tvp,TVPUnsupportedUpdateTypeTutGiveUpdate,Update タイプの tutGiveUpdate はサポートしていません,Update type of tutGiveUpdate is not yet supported,Update 类型：暂不支持 tutGiveUpdate,Update 類型：暫不支援 tutGiveUpdate,,
tvp,TVPErrorCode,エラーコード : ,error code : ,错误代码：,錯誤代碼：,,
tvp,TVPUnsupportedJpegPalette,JPEG はパレット画像をサポートしていません,JPEG does not support palettized image,JPEG 文件不支持色彩调整,JPEG 檔案不支援色彩調整,,
tvp,TVPLibpngError,libpng エラー.,libpng error.,libpng 错误。,libpng 錯誤。,,
tvp,TVPUnsupportedColorTypePalette,Unsupported color type for palattized image,Unsupported color type for palattized image,未知色彩调色类型,未知色彩調色盤類型,,
tvp,TVPUnsupportedColorType,サポートしていないカラータイプ,Unsupported color type,未知色彩类型,未知色彩類型,,
tvp,TVPTooLargeImage,Too large image,Too large image,图片过大,圖片過大,,
tvp,TVPPngSaveError,PNG save error.,PNG save error.,保存 PNG 时出错,儲存 PNG 時出錯,,
tvp,TVPTlgUnsupportedUniversalTransitionRule,"TLG cannot be used as universal transition rule, province(_p) or mask(_m) images.","TLG cannot be used as universal transition rule, province(_p) or mask(_m) images.",TLG 图片不能用作 province(_p) 或者 mask(_m) 图像的 universal transition rule。,TLG 圖片不能用作 province(_p) 或者 mask(_m) 圖像的 universal transition rule。,,
tvp,TVPUnsupportedColorCount,Unsupported color count : ,Unsupported color count : ,不支持的色彩数量 : ,不支援的色彩數量 : ,,
tvp,TVPDataFlagMustBeZero,Data flag must be 0 (any flags are not yet supported),Data flag must be 0 (any flags are not yet supported),Data flag 必须为 0 (所有的 flag 当前都未被支持),Data flag 必須為 0 (所有的 flag 目前都未被支援),,
tvp,TVPUnsupportedColorTypeColon,サポートしていないカラータイプです : ,Unsupported color type : ,不支持的色彩类型：,不支援的色彩類型：,,
tvp,TVPUnsupportedExternalGolombBitLengthTable,外部 golomb ビット長テーブルはサポートしていません,External golomb bit length table is not yet supported.,暂未支持外置 golomb bit length table.,暫未支援外置 golomb bit length table.,,
tvp,TVPUnsupportedEntropyCodingMethod,サポートしていないエントロピーコードメソッドです,Unsupported entropy coding method,不支持 entropy 编码方法,不支援 entropy 編碼方法,,
tvp,TVPInvalidTlgHeaderOrVersion,不正な TLG ヘッダーか、サポートしていない TLG バージョンです,Invalid TLG header or unsupported TLG version.,TLG header 无效或不支持的 TLG 版本。,TLG header 無效或不支援的 TLG 版本。,,
tvp,TVPTlgMalformedTagMissionColonAfterNameLength,"Malformed TLG SDS tag structure, missing colon after name length","Malformed TLG SDS tag structure, missing colon after name length",TLG SDS tag 结构异常，名字长度后面缺少列。,TLG SDS tag 結構異常，名稱長度後面缺少冒號。,,
tvp,TVPTlgMalformedTagMissionEqualsAfterName,"Malformed TLG SDS tag structure, missing equals after name","Malformed TLG SDS tag structure, missing equals after name",TLG SDS tag 结构异常，缺少等号后面的值,TLG SDS tag 結構異常，缺少等號後面的值,,
tvp,TVPTlgMalformedTagMissionColonAfterVaueLength,"Malformed TLG SDS tag structure, missing colon after value length","Malformed TLG SDS tag structure, missing colon after value length",TLG SDS tag 结构异常，值长度后面缺少列。,TLG SDS tag 結構異常，值長度後面缺少冒號。,,
tvp,TVPTlgMalformedTagMissionCommaAfterTag,"Malformed TLG SDS tag structure, missing comma after a tag","Malformed TLG SDS tag structure, missing comma after a tag",TLG SDS tag 结构异常，tag 后面缺少逗号,TLG SDS tag 結構異常，tag 後面缺少逗號,,
tvp,TVPFileSizeIsZero,ファイルサイズがゼロです,File size is zero.,文件大小为 0。,檔案大小為 0。,,
tvp,TVPMemoryAllocationError,メモリ確保に失敗しました,Memory allocation error.,分配内存时发生错误。,配置記憶體時發生錯誤。,,
tvp,TVPFileReadError,ファイル読込みエラー,File read error.,读取文件时发生错误。,讀取檔案時發生錯誤。,,
tvp,TVPInvalidPrerenderedFontFile,シグネチャが見つからないか、プリレンダーフォントファイルではありません,Signature not found or invalid pre-rendered font file.,无效的预渲染字体文件或者未找到签名文件,無效的預渲染字型檔案或者未找到簽名檔案,,
tvp,TVPNot16BitUnicodeFontFile,16 ビット UNICODE フォントファイルではありません,Not a 16-bit UNICODE font file.,非 16bit Unicode 字体文件。,非 16bit Unicode 字型檔案。,,
tvp,TVPInvalidHeaderVersion,不正なバージョンのヘッダーです,Invalid header version.,无效的 header 版本。,無效的 header 版本。,,
tvp,TVPTlgInsufficientMemory,SaveTLG6: メモリ不足です,SaveTLG6: Insufficient memory,SaveTLG6: 内存不足,SaveTLG6: 記憶體不足,,
tvp,TVPTlgTooLargeBitLength,SaveTLG6: ビット長が長すぎます (渡された画像が大きすぎる可能性があります),SaveTLG6: Too large bit length (given image may be too large),SaveTLG6:bit 长度太大 (可能是所给图片尺寸过大的原因。),SaveTLG6:bit 長度太大 (可能是所給圖片尺寸過大的原因。),,
tvp,TVPCannotRetriveInterfaceFromDrawDevice,渡された Draw Device からインターフェイスを取得できません,Could not retrive interface from given draw device,不能从绘图设备中获取到 interface 信息。,不能從繪圖裝置中取得 interface 資訊。,,
tvp,TVPIllegalCharacterConversionUTF16toUTF8,UTF-16では発生し得ないUTF-8への変換,Illegal character conversion. UTF-16 to UTF-8.,Illegal character conversion. UTF-16 to UTF-8.,Illegal character conversion. UTF-16 to UTF-8.,,
tvp,TVPRequireLayerTreeOwnerInterfaceInterface,layerTreeOwnerInterfaceを持つオブジェクトを指定してください,require layerTreeOwnerInterface interface,require layerTreeOwnerInterface interface,require layerTreeOwnerInterface interface,,
tvp,TVPRequireSlashEndOfDirectory,ディレクトリ名の末尾には '/' が必要です,/' must be specified at the end of given directory name.,目录名称必须以'/'结尾,目錄名稱必須以'/'結尾,,
tvp_win32,TVPScriptExceptionRaised,スクリプトで例外が発生しました,Script exception raised,触发脚本异常,觸發腳本例外,,nodecl
tvp_win32,TVPHardwareExceptionRaised,ハードウェア例外が発生しました,Hardware exception raised,触发硬件异常,觸發硬體例外,,
tvp_win32,TVPMainCDPName,スクリプトエディタ (メイン),Script Editor (Main),脚本编辑器（主要）,腳本編輯器（主要）,,
tvp_win32,TVPExceptionCDPName,スクリプトエディタ (例外通知),Script Editor (Exception),脚本编辑器（异常通知）,腳本編輯器（例外通知）,,
tvp_win32,TVPCannnotLocateUIDLLForFolderSelection,フォルダ/アーカイブの選択画面を表示しようとしましたが krdevui.dll が見つからないので表示できません.\n実行するフォルダ/アーカイブはコマンドラインの引数として指定してください,Not found krdevui.dll,未找到 krdevui.dll，因此无法手动选择文件夹或封包。\n请通过命令行手动指定目标文件夹或封包。,未找到 krdevui.dll，因此無法手動選擇資料夾或封裝檔。\n請透過命令列手動指定目標資料夾或封裝檔。,,
tvp_win32,TVPInvalidUIDLL,krdevui.dll が異常か、バージョンが一致しません,Invalid krdevui.dll,krdevui.dll加载失败或版本不匹配,krdevui.dll載入失敗或版本不相符,,
tvp_win32,TVPInvalidBPP,無効な色深度です,Invalid bpp,色彩深度无效,色彩深度無效,,
tvp_win32,TVPCannotLoadPlugin,プラグイン %1 を読み込めません,Cannot load Plugin %1,插件加载失败：%1,外掛程式載入失敗：%1,,
tvp_win32,TVPNotValidPlugin,%1 は有効なプラグインではありません,Not valid plugin %1,无效插件：%1,無效外掛程式：%1,,
tvp_win32,TVPPluginUninitFailed,プラグインの解放に失敗しました,Faild to release plugin,插件卸载失败,外掛程式卸載失敗,,
tvp_win32,TVPCannnotLinkPluginWhilePluginLinking,プラグインの接続中に他のプラグインを接続することはできまません,Cannot link plugin while plugin linking,不能在加载插件时加载其它的插件,不能在載入外掛程式時載入其它的外掛程式,,
tvp_win32,TVPNotSusiePlugin,異常な Susie プラグインです,Not Susie Plugin,不是 Susie 插件,不是 Susie 外掛程式,,
tvp_win32,TVPSusiePluginError,Susie プラグインでエラーが発生しました/エラーコード %1,Susie Plugin error : %1,Susie 插件错误：%1,Susie 外掛程式錯誤：%1,,
tvp_win32,TVPCannotReleasePlugin,指定されたプラグインは使用中のため解放できません,Cannot release plugin,插件在使用过程中不能进行释放,外掛程式在使用過程中不能進行釋放,,
tvp_win32,TVPNotLoadedPlugin,%1 は読み込まれていません,Not loaded plugin %1,未加载插件：%1,未載入外掛程式：%1,,
tvp_win32,TVPCannotAllocateBitmapBits,ビットマップ用メモリを確保できません/%1(size=%2),Cannot allocate memory for Bitmap : %1 (size=%2),不能为 Bitmap 分配内存：%1（size=%2）,不能為 Bitmap 配置記憶體：%1（size=%2）,,
tvp_win32,TVPScanLineRangeOver,スキャンライン %1 は範囲(0～%2)を超えています,Scan line %1 is range over (0 to %2),%1 超过了扫描范围（正常为 0 到 %2）,%1 超過了掃描範圍（正常為 0 到 %2）,,nodecl
tvp_win32,TVPPluginError,プラグインでエラーが発生しました/%1,Plugin Error : %1,插件出现错误：%1,外掛程式出現錯誤：%1,,
tvp_win32,TVPInvalidCDDADrive,指定されたドライブでは CD-DA を再生できません,Invalid CD-DA Drive,无效的 CD-DA 驱动器,無效的 CD-DA 光碟機,,
tvp_win32,TVPCDDADriveNotFound,CD-DA を再生できるドライブが見つかりません,CD-DA Drive not found,未找到 CD-DA 驱动器,未找到 CD-DA 光碟機,,
tvp_win32,TVPMCIError,MCI でエラーが発生しました : %1,MCI Error : %1,MCI 发生了错误：%1,MCI 發生了錯誤：%1,,
tvp_win32,TVPInvalidSMF,有効な SMF ファイルではありません : %1,Invalid SMF : %1,无效的 SMF 文件：%1,無效的 SMF 檔案：%1,,
tvp_win32,TVPMalformedMIDIMessage,指定されたメッセージは MIDI メッセージとして有効な形式ではありません,Malformed MIDI Message,指定了无效的 MIDI 信息,指定了無效的 MIDI 訊息,,
tvp_win32,TVPCannotInitDirectSound,DirectSound を初期化できません : %1,DirectSound Initialize file : %1,DirectSound 初始化失败：%1,DirectSound 初始化失敗：%1,,
tvp_win32,TVPCannotCreateDSSecondaryBuffer,DirectSound セカンダリバッファを作成できません : %1/%2,Cannot create DirectSound secondary buffer : %1/%2,创建 DirectSound 辅助缓冲区失败：%1/%2,建立 DirectSound 輔助緩衝區失敗：%1/%2,,
tvp_win32,TVPInvalidLoopInformation,ループ情報 %1 は異常です,Invalid loop information %1,无效的 loop 信息：%1,無效的 loop 資訊：%1,,nodecl
tvp_win32,TVPNotChildMenuItem,指定されたメニュー項目はこのメニュー項目の子ではありません,Not child menu Item,指定的菜单项不是子菜单项,指定的選單項目不是子選單項目,,
tvp_win32,TVPCannotInitDirect3D,Direct3D を初期化できません : %1,Cannot initialize Direct3D : %1,Direct3D 初始化失败：%1,Direct3D 初始化失敗：%1,,
tvp_win32,TVPCannotFindDisplayMode,適合する画面モードが見つかりません : %1,Cannot find display mode : %1,未找到合适的画面显示模式：%1,未找到合適的畫面顯示模式：%1,,
tvp_win32,TVPCannotSwitchToFullScreen,フルスクリーンに切り替えられません : %1,Cannot switch to fullscreen : %1,不能切换到全屏模式：%1,不能切換到全螢幕模式：%1,,
tvp_win32,TVPInvalidPropertyInFullScreen,フルスクリーン中では操作できないプロパティを設定しようとしました,Invalid property in fullscreen : %1,在全屏模式下无效的属性：%1,在全螢幕模式下無效的屬性：%1,,
tvp_win32,TVPInvalidMethodInFullScreen,フルスクリーン中では操作できないメソッドを呼び出そうとしました,Invalid method in fullscreen : %1,在全屏模式下无效的方法：%2,在全螢幕模式下無效的方法：%2,,
tvp_win32,TVPCannotLoadCursor,マウスカーソル %1 の読み込みに失敗しました,Cannot load mouse cursor : %1,不能载入鼠标光标：%1,不能載入滑鼠游標：%1,,
tvp_win32,TVPCannotLoadKrMovieDLL,ビデオ/Shockwave Flash を再生するためには krmovie.dll / krflash.dll が必要ですが 読み込むことができません,Cannot load krmovie.dll,无法加载 krmovie.dll。播放视频和 flash 需要 krmovie.dll/krflash.dll。,無法載入 krmovie.dll。播放影片和 flash 需要 krmovie.dll/krflash.dll。,,
tvp_win32,TVPInvalidKrMovieDLL,krmovie.dll/krflash.dll が異常か 対応できないバージョンです,Invalid krmovie.dll,无效的 krmovie.dll 文件。krmovie.dll/krflash.dll 版本有误。,無效的 krmovie.dll 檔案。krmovie.dll/krflash.dll 版本有誤。,,
tvp_win32,TVPErrorInKrMovieDLL,krmovie.dll/krflash.dll 内でエラーが発生しました/%1,Error in krmovie.dll : %1,krmovie.dll 出现错误：%1,krmovie.dll 出現錯誤：%1,,
tvp_win32,TVPWindowAlreadyMissing,ウィンドウはすでに存在していません,Window already missing,Window 已经不存在,Window 已經不存在,,
tvp_win32,TVPPrerenderedFontMappingFailed,レンダリング済みフォントのマッピングに失敗しました : %1,Prerendered font mapping failed : %1,预渲染字体映射失败：%1,預渲染字型映射失敗：%1,,nodecl
tvp_win32,TVPConfigFailOriginalFileCannotBeRewritten,%1 に書き込みできません。ソフトウェアが実行中のままになっていないか、あるいは書き込み権限があるかどうかを確認してください,Cannot write %1.,不能写入 %1 文件,不能寫入 %1 檔案,,
tvp_win32,TVPConfigFailTempExeNotErased,%1 の終了を確認できないため、これを削除できませんでした(このファイルは削除して結構です),Did not exit %1. Cannot delete file.,不能删除文件。%1 文件不存在。,不能刪除檔案。%1 檔案不存在。,,
tvp_win32,TVPExecutionFail,%1 を実行できません,Cannot execute %1.,不能执行 %1 文件。,不能執行 %1 檔案。,,
tvp_win32,TVPPluginUnboundFunctionError,プラグインから関数 %1 を要求されましたが、その関数は本体内に存在しません。プラグインと本体のバージョンが正しく対応しているか確認してください,Plugin require %1 funcion. Bat not found function in this file.,未在文件中找到插件所需要 %1 函数。,未在檔案中找到外掛程式所需的 %1 函式。,,
tvp_win32,TVPExceptionHadBeenOccured, = (例外発生), = (Exception), = (触发异常), = (觸發例外),,
tvp_win32,TVPConsoleResult,コンソール : ,Console : ,控制台：,主控台：,,
tvp_win32,TVPInfoListingFiles,(info) Listing files in %1 …,(info) Listing files in %1 …,（info）正在列出 %1 中的文件...,（info）正在列出 %1 中的檔案...,,
tvp_win32,TVPInfoTotalPhysicalMemory,(info) Total physical memory : %1,(info) Total physical memory : %1,（info）总物理内存：%1,（info）總實體記憶體：%1,,
tvp_win32,TVPInfoSelectedProjectDirectory,(info) Selected project directory : %1,(info) Selected project directory : %1,（info）已选择项目的目录：%1,（info）已選擇專案的目錄：%1,,
tvp_win32,TVPTooSmallExecutableSize,too small executable size.,too small executable size.,可执行文件太小,可執行檔太小,,
tvp_win32,TVPInfoLoadingExecutableEmbeddedOptionsFailed,(info) Loading executable embedded options failed (ignoring) : %1,(info) Loading executable embedded options failed (ignoring) : %1,（info）载入可执行文件内置选项失败（已忽略）：%1,（info）載入可執行檔內建選項失敗（已忽略）：%1,,
tvp_win32,TVPInfoLoadingExecutableEmbeddedOptionsSucceeded,(info) Loading executable embedded options succeeded.,(info) Loading executable embedded options succeeded.,（info）成功载入可执行文件内置选项。,（info）成功載入可執行檔內建選項。,,
tvp_win32,TVPFileNotFound,file not found.,file not found.,未找到文件。,未找到檔案。,,
tvp_win32,TVPInfoLoadingConfigurationFileFailed,"(info) Loading configuration file ""%1"" failed (ignoring) : %2","(info) Loading configuration file ""%1"" failed (ignoring) : %2","（info）载入配置文件 ""%1"" 失败（已忽略）：%2","（info）載入設定檔 ""%1"" 失敗（已忽略）：%2",,
tvp_win32,TVPInfoLoadingConfigurationFileSucceeded,"(info) Loading configuration file ""%1"" succeeded.","(info) Loading configuration file ""%1"" succeeded.","（info）成功载入配置文件 ""%1""","（info）成功載入設定檔 ""%1""",,
tvp_win32,TVPInfoDataPathDoesNotExistTryingToMakeIt,"(info) Data path does not exist, trying to make it ... %1","(info) Data path does not exist, trying to make it ... %1",（info）Data 路径不存在，尝试新建... %1,（info）Data 路徑不存在，嘗試新建... %1,,
tvp_win32,TVPOk,成功。,ok.,成功。,成功。,,
tvp_win32,TVPFaild,失敗。,failed.,失败。,失敗。,,
tvp_win32,TVPInfoDataPath,(info) Data path : %1,(info) Data path : %1,（info）Data 路径：%1,（info）Data 路徑：%1,,
tvp_win32,TVPInfoSpecifiedOptionEarlierItemHasMorePriority,(info) Specified option(s) (earlier item has more priority) :,(info) Specified option(s) (earlier item has more priority) :,（info）已声明设置（越早声明的优先级更高）：,（info）已宣告設定（越早宣告的優先度越高）：,,
tvp_win32,TVPNone, (none), (none),（无）,（無）,,
tvp_win32,TVPInfoCpuClockRoughly,(info) CPU clock (roughly) : %dMHz,(info) CPU clock (roughly) : %dMHz,（info）CPU 时钟频率（大致数值）：%dMHz,（info）CPU 時脈頻率（大致數值）：%dMHz,,
tvp_win32,TVPProgramStartedOn,%1 (%2) 上で実行が開始されました,Program started on %1 (%2),程序已在 %1（%2）上启动。,程式已在 %1（%2）上啟動。,,
tvp_win32,TVPKirikiri,吉里吉里,Kirikiri,吉里吉里,吉里吉里,,
tvp_win32,TVPUnknownError,不明なエラーが発生しました。,Unknown error!,未知错误！,未知錯誤！,,
tvp_win32,TVPExitCode,終了コード: %d\n,Exit code: %d\n,退出识别代码：%d\n,結束識別代碼：%d\n,,
tvp_win32,TVPFatalError,致命的なエラーが発生しました,Fatal Error,发生了致命的错误。,發生了致命的錯誤。,,
tvp_win32,TVPEnableDigitizer,有効なデジタイザー,Enable Digitizer,指点数位设备可用。,指向數位裝置可用。,,
tvp_win32,TVPTouchIntegratedTouch,統合型のタッチ デジタイザーが入力に使用されています。,The device has an integrated touch digitizer. ,当前机器有集成数位设备。,目前機器有整合數位裝置。,,
tvp_win32,TVPTouchExternalTouch,外付けのタッチ デジタイザーが入力に使用されています。,The device has an external touch digitizer. ,当前机器有外置触控数位设备。,目前機器有外接觸控數位裝置。,,
tvp_win32,TVPTouchIntegratedPen,統合型のペン デジタイザーが入力に使用されています。,The device has an integrated pen digitizer.,当前机器有集成数位笔设备。,目前機器有整合數位筆裝置。,,
tvp_win32,TVPTouchExternalPen,外付けのペン デジタイザーが入力に使用されています。,The device has an external pen digitizer.,当前机器有外置数位笔设备。,目前機器有外接數位筆裝置。,,
tvp_win32,TVPTouchMultiInput,複数入力がサポートされた入力デジタイザーが入力に使用されています。,The device supports multiple sources of digitizer input. ,当前机器支持多点触控。,目前機器支援多點觸控。,,
tvp_win32,TVPTouchReady,入力デジタイザーで入力の準備ができています。,The device is ready to receive digitizer input.,触控数位设备已准备就绪。,觸控數位裝置已準備就緒。,,
tvp_win32,TVPCpuCheckFailure,CPUのチェック失敗,CPU check failure.,CPU 检测失败。,CPU 偵測失敗。,,
tvp_win32,TVPCpuCheckFailureCpuFamilyOrLesserIsNotSupported,CPU check failure: CPU family 4 or lesser is not supported\r\n%1,CPU check failure: CPU family 4 or lesser is not supported\r\n%1,CPU 检测失败：不支持低于 P4 系列的 CPU。,CPU 偵測失敗：不支援低於 P4 系列的 CPU。,,
tvp_win32,TVPInfoCpuNumber,(info) CPU #%1 : ,(info) CPU #%1 : ,（info）CPU #%1 : ,（info）CPU #%1 : ,,
tvp_win32,TVPCpuCheckFailureNotSupprtedCpu,CPUチェック失敗: サポートしていないCPU\r\n%1,CPU check failure: Not supported CPU\r\n%1,CPU 检查失败：不支持的 CPU 型号 \r\n%1,CPU 檢查失敗：不支援的 CPU 型號 \r\n%1,,
tvp_win32,TVPInfoFinallyDetectedCpuFeatures,(info) finally detected CPU features : %1,(info) finally detected CPU features : %1,（info）最终检测出 CPU 所支持的特性：%1,（info）最終偵測出 CPU 所支援的特性：%1,,
tvp_win32,TVPCpuCheckFailureNotSupportedCpu,CPU check failure: Not supported CPU\r\n%1,CPU check failure: Not supported CPU\r\n%1,CPU 检查失败：不支持的 CPU 型号 \r\n%1,CPU 檢查失敗：不支援的 CPU 型號 \r\n%1,,
tvp_win32,TVPInfoCpuClock,(info) CPU clock : %.1fMHz,(info) CPU clock : %.1fMHz,（info）CPU 时钟频率：%.1fMHz,（info）CPU 時脈頻率：%.1fMHz,,
tvp_win32,TVPLayerBitmapBufferUnderrunDetectedCheckYourDrawingCode,Layer bitmap: Buffer underrun detected. Check your drawing code!,Layer bitmap: Buffer underrun detected. Check your drawing code!,Layer bitmap：出现缓冲区干涸，请检查你的渲染代码！,Layer bitmap：出現緩衝區乾涸，請檢查你的渲染程式碼！,,
tvp_win32,TVPLayerBitmapBufferOverrunDetectedCheckYourDrawingCode,Layer bitmap: Buffer overrun detected. Check your drawing code!,Layer bitmap: Buffer overrun detected. Check your drawing code!,Layer bitmap：出现缓冲区溢出，请检查你的渲染代码！,Layer bitmap：出現緩衝區溢位，請檢查你的渲染程式碼！,,
tvp_win32,TVPFaildToCreateDirect3D,Direct3D9 生成失敗,Faild to create Direct3D9.,创建 Direct3D9 失败。,建立 Direct3D9 失敗。,,
tvp_win32,TVPFaildToDecideBackbufferFormat,Faild to decide backbuffer format.,Faild to decide backbuffer format.,备用缓冲区格式未确定。,備用緩衝區格式未確定。,,
tvp_win32,TVPFaildToCreateDirect3DDevice,Faild to create Direct3D9 Device.,Faild to create Direct3D9 Device.,创建 Direct3D9 设备失败。,建立 Direct3D9 裝置失敗。,,
tvp_win32,TVPFaildToSetViewport,Faild to set viewport.,Faild to set viewport.,设置 viewport 失败。,設定 viewport 失敗。,,
tvp_win32,TVPFaildToSetRenderState,Faild to set render state.,Faild to set render state.,设置渲染状态失败。,設定渲染狀態失敗。,,
tvp_win32,TVPWarningImageSizeTooLargeMayBeCannotCreateTexture,warning : Image size too large. May be cannot create texture.,warning : Image size too large. May be cannot create texture.,warning : 图像尺寸过大。可能创建贴图会失败。,warning : 影像尺寸過大。可能建立貼圖會失敗。,,
tvp_win32,TVPUsePowerOfTwoSurface,2の累乗サイズのサーフェイスを使用します。,Use power of two surface.,请使用能被 2 整除的 surface。,請使用能被 2 整除的 surface。,,
tvp_win32,TVPCannotAllocateD3DOffScreenSurface,Cannot allocate D3D off-screen surface/HR=%1,Cannot allocate D3D off-screen surface/HR=%1,不能分配 D3D 离屏 surface/HR=%1,不能配置 D3D 離屏 surface/HR=%1,,
tvp_win32,TVPBasicDrawDeviceFailedToCreateDirect3DDevices,BasicDrawDevice: Failed to create Direct3D devices: %1,BasicDrawDevice: Failed to create Direct3D devices: %1,BasicDrawDevice: 创建 Direct3D9 设备失败：%1,BasicDrawDevice: 建立 Direct3D9 裝置失敗：%1,,
tvp_win32,TVPBasicDrawDeviceFailedToCreateDirect3DDevicesUnknownReason,BasicDrawDevice: Failed to create Direct3D devices: unknown reason,BasicDrawDevice: Failed to create Direct3D devices: unknown reason,BasicDrawDevice: 创建 Direct3D9 设备失败：未知原因,BasicDrawDevice: 建立 Direct3D9 裝置失敗：未知原因,,
tvp_win32,TVPBasicDrawDeviceTextureHasAlreadyBeenLocked,"BasicDrawDevice: テクスチャーは既にロックされています (EndBitmapCompletion() を呼ばずに StartBitmapCompletion() を2回呼び出しています), アンロックしてください.","BasicDrawDevice: Texture has already been locked (StartBitmapCompletion() has been called twice without EndBitmapCompletion()), unlocking the texture.","BasicDrawDevice: Texture 已被锁定（在未调用 EndBitmapCompletion() 的情况下 StartBitmapCompletion() 已经被调用了 2 次）,解锁中","BasicDrawDevice: Texture 已被鎖定（在未呼叫 EndBitmapCompletion() 的情況下 StartBitmapCompletion() 已經被呼叫了 2 次）,解鎖中",,
tvp_win32,TVPInternalErrorResult,Internal error/HR=%1,Internal error/HR=%1,内部错误 /HR=%1,內部錯誤 /HR=%1,,
tvp_win32,TVPBasicDrawDeviceInfPolygonDrawingFailed,BasicDrawDevice: (inf) ポリゴン描画に失敗しました/HR=%1,BasicDrawDevice: (inf) Polygon drawing failed/HR=%1,BasicDrawDevice: (inf) 多边形渲染失败/HR=%1,BasicDrawDevice: (inf) 多邊形渲染失敗/HR=%1,,
tvp_win32,TVPBasicDrawDeviceInfDirect3DDevicePresentFailed,BasicDrawDevice: (inf) IDirect3DDevice::Present failed/HR=%1,BasicDrawDevice: (inf) IDirect3DDevice::Present failed/HR=%1,BasicDrawDevice: (inf) IDirect3DDevice::Present 失败/HR=%1,BasicDrawDevice: (inf) IDirect3DDevice::Present 失敗/HR=%1,,
tvp_win32,TVPChangeDisplaySettingsFailedDispChangeRestart,ChangeDisplaySettings failed: DISP_CHANGE_RESTART,ChangeDisplaySettings failed: DISP_CHANGE_RESTART,ChangeDisplaySettings 失败: DISP_CHANGE_RESTART,ChangeDisplaySettings 失敗: DISP_CHANGE_RESTART,,
tvp_win32,TVPChangeDisplaySettingsFailedDispChangeBadFlags,ChangeDisplaySettings failed: DISP_CHANGE_BADFLAGS,ChangeDisplaySettings failed: DISP_CHANGE_BADFLAGS,ChangeDisplaySettings 失败: DISP_CHANGE_BADFLAGS,ChangeDisplaySettings 失敗: DISP_CHANGE_BADFLAGS,,
tvp_win32,TVPChangeDisplaySettingsFailedDispChangeBadParam,ChangeDisplaySettings failed: DISP_CHANGE_BADPARAM,ChangeDisplaySettings failed: DISP_CHANGE_BADPARAM,ChangeDisplaySettings 失败: DISP_CHANGE_BADPARAM,ChangeDisplaySettings 失敗: DISP_CHANGE_BADPARAM,,
tvp_win32,TVPChangeDisplaySettingsFailedDispChangeFailed,ChangeDisplaySettings failed: DISP_CHANGE_FAILED,ChangeDisplaySettings failed: DISP_CHANGE_FAILED,ChangeDisplaySettings 失败: DISP_CHANGE_FAILED,ChangeDisplaySettings 失敗: DISP_CHANGE_FAILED,,
tvp_win32,TVPChangeDisplaySettingsFailedDispChangeBadMode,ChangeDisplaySettings failed: DISP_CHANGE_BADMODE,ChangeDisplaySettings failed: DISP_CHANGE_BADMODE,ChangeDisplaySettings 失败: DISP_CHANGE_BADMODE,ChangeDisplaySettings 失敗: DISP_CHANGE_BADMODE,,
tvp_win32,TVPChangeDisplaySettingsFailedDispChangeNotUpdated,ChangeDisplaySettings failed: DISP_CHANGE_NOTUPDATED,ChangeDisplaySettings failed: DISP_CHANGE_NOTUPDATED,ChangeDisplaySettings 失败: DISP_CHANGE_NOTUPDATED,ChangeDisplaySettings 失敗: DISP_CHANGE_NOTUPDATED,,
tvp_win32,TVPChangeDisplaySettingsFailedUnknownReason,ChangeDisplaySettings 失敗: 不明な理由 (%1),ChangeDisplaySettings failed: unknown reason (%1),ChangeDisplaySettings 失败: DISP_CHANGE_RESTART,ChangeDisplaySettings 失敗: DISP_CHANGE_RESTART,,
tvp_win32,TVPFailedToCreateScreenDC,スクリーンデバイスコンテキストの取得に失敗しました,Failed to create screen DC,创建在屏（screen） DC 失败,建立在屏（screen） DC 失敗,,
tvp_win32,TVPFailedToCreateOffscreenBitmap,オフスクリーンビットマップの生成に失敗しました,Failed to create offscreen bitmap,创建离屏（offscreen）bitmap 失败,建立離屏（offscreen）bitmap 失敗,,
tvp_win32,TVPFailedToCreateOffscreenDC,オフスクリーンデバイスコンテキストの生成に失敗しました,Failed to create offscreen DC,创建离屏（offscreen）DC 失败,建立離屏（offscreen）DC 失敗,,
tvp_win32,TVPInfoSusiePluginInfo,(info) Susie プラグイン情報 : %1,(info) Susie plugin info : %1,（info）Susie 插件信息：%1,（info）Susie 外掛程式資訊：%1,,
tvp_win32,TVPSusiePluginUnsupportedBitmapHeader,サポートしていない Bitmap ヘッダーが Susie プラグインから渡されました,Non-supported bitmap header was given from susie plug-in.,所给定的位图文件头不被 Susie 插件支持。,所給定的點陣圖檔案標頭不被 Susie 外掛程式支援。,,
tvp_win32,TVPBasicDrawDeviceFailedToCreateDirect3DDevice,BasicDrawDevice: Direct3D Device の生成に失敗しました : %1,BasicDrawDevice: Failed to create Direct3D Device: %1,BasicDrawDevice: 创建 Direct3D 设备失败: %1,BasicDrawDevice: 建立 Direct3D 裝置失敗: %1,,
tvp_win32,TVPBasicDrawDeviceFailedToCreateDirect3DDeviceUnknownReason,BasicDrawDevice: Direct3D Device の生成に失敗しました : 不明な理由,BasicDrawDevice: Failed to create Direct3D Device: unknown reason,BasicDrawDevice: 创建 Direct3D 失败: 未知原因,BasicDrawDevice: 建立 Direct3D 失敗: 未知原因,,
tvp_win32,TVPCouldNotCreateAnyDrawDevice,Fatal: どの drawer オブジェクトも生成できませんでした,Fatal: Could not create any drawer objects.,（fatal）不能创建任何绘图对象。,（fatal）不能建立任何繪圖物件。,,
tvp_win32,TVPBasicDrawDeviceDoesNotSupporteLayerManagerMoreThanOne,"""Basic Draw"" デバイスでは２つ以上のLayer Managerを登録できない","""basic draw"" device does not support layer manager more than 1","不支持超过 1 个以上的 layer 管理器 ""Basic Draw""","不支援超過 1 個以上的 layer 管理器 ""Basic Draw""",,
tvp_win32,TVPInvalidVideoSize,無効なビデオサイズ,Invalid video size,无效的视频尺寸,無效的影片尺寸,,
tvp_win32,TVPRoughVsyncIntervalReadFromApi,API から取得したリフレッシュレート : ,Rough VSync interval read from API : %1,从 Rough VSync API 中读取：%1,從 Rough VSync API 中讀取：%1,,
tvp_win32,TVPRoughVsyncIntervalStillSeemsWrong,リフレッシュレートはまだ間違っているようなので、デフォルト値(16)と仮定します,"Rough VSync interval still seems wrong, assuming default value (16)",Rough VSync 内部仍旧有错误，假定为默认值（16）,Rough VSync 內部仍舊有錯誤，假定為預設值（16）,,
tvp_win32,TVPInfoFoundDirect3DInterface,(info) IDirect3D9 以上のインターフェイスが見つかりました。現在の Direct3D ドライバ情報を取得します...,(info) IDirect3D9 or higher detected. Retrieving current Direct3D driver information...,（info）未找到 IDirect3D9 或更新的接口。获取正在使用的 Direct3D 驱动的信息。,（info）未找到 IDirect3D9 或更新的介面。取得正在使用的 Direct3D 驅動程式的資訊。,,
tvp_win32,TVPInfoFaild,(info) 失敗,(info) Failed.,（info）失败。,（info）失敗。,,
tvp_win32,TVPInfoDirect3D,(info) Direct3D 読込み...,(info) Loading Direct3D ...,（info）载入 Direct3D...,（info）載入 Direct3D...,,
tvp_win32,TVPCannotLoadD3DDLL,d3d9.dll をロードできません,Cannot load d3d9.dll,无法加载 d3d9.dll,無法載入 d3d9.dll,,
tvp_win32,TVPNotFoundDirect3DCreate,Direct3DCreate9 が d3d9.dll に見つかりません,Missing Direct3DCreate9 in d3d9.dll,在 d3d9.dll 中未找到 Direct3DCreate9 函数。,在 d3d9.dll 中未找到 Direct3DCreate9 函式。,,
tvp_win32,TVPInfoEnvironmentUsing,(info) environment: %1 を使用,(info) environment: using %1,（info）environment：使用 %1,（info）environment：使用 %1,,
tvp_win32,TVPInfoSearchBestFullscreenResolution,(info) 最適なフルスクリーン解像度を検索 ...,(info) Searching best fullscreen resolution ...,（info）查找全屏最佳分辨率中...,（info）尋找全螢幕最佳解析度中...,,
tvp_win32,TVPInfoConditionPreferredScreenMode,(info) condition: 推奨スクリーンモード: %1,(info) condition: preferred screen mode: %1,（info）condition：推荐屏幕模式：%1,（info）condition：建議螢幕模式：%1,,
tvp_win32,TVPInfoConditionMode,(info) condition: モード: %1,(info) condition: mode: %1,（info）condition：模式：%1,（info）condition：模式：%1,,
tvp_win32,TVPInfoConditionZoomMode,(info) condition: ズームモード: %1,(info) condition: zoom mode: %1,（info）condition：缩放模式：%1,（info）condition：縮放模式：%1,,
tvp_win32,TVPInfoEnvironmentDefaultScreenMode,(info) environment: デフォルトスクリーンモード: %1,(info) environment: default screen mode: %1,（info）environment：默认屏幕模式：%1,（info）environment：預設螢幕模式：%1,,
tvp_win32,TVPInfoEnvironmentDefaultScreenAspectRatio,(info) environment: デフォルトスクリーンアスペクトレート: %1 : %2,(info) environment: default screen aspect ratio: %1 : %2,（info）environment：默认屏幕比例：%1:%2,（info）environment：預設螢幕比例：%1:%2,,
tvp_win32,TVPInfoEnvironmentAvailableDisplayModes,(info) environment: 有効なディスプレイモード:,(info) environment: available display modes:,（info）environment：可用显示模式：,（info）environment：可用顯示模式：,,
tvp_win32,TVPInfoNotFoundScreenModeFromDriver,(info) Panic! ドライバーから提供されたスクリーンモードに適切なものはありません。デフォルト画面サイズ、色数を試します,(info) Panic! There is no reasonable candidate screen mode provided from the driver ... trying to use the default screen size and color depth ...,（info）Panic！未从驱动中找到合适的屏幕模式。尝试使用默认画面尺寸和色彩数。,（info）Panic！未從驅動程式中找到合適的螢幕模式。嘗試使用預設畫面尺寸和色彩數。,,
tvp_win32,TVPInfoResultCandidates,(info) result: candidates:,(info) result: candidates:,（info）result： 候选：,（info）result： 候選：,,
tvp_win32,TVPInfoTryScreenMode,(info) スクリーンモードの %1 を試みる,(info) Trying screen mode: %1,（info）尝试使用 %1 屏幕显示模式。,（info）嘗試使用 %1 螢幕顯示模式。,,
tvp_win32,TVPAllScreenModeError,全スクリーンモードを試しましたが、使用可能なモードはありませんでした,"All screen mode has been tested, but no modes available at all.",所有屏幕显示模式都已测试，未找到可用的。,所有螢幕顯示模式都已測試，未找到可用的。,,
tvp_win32,TVPInfoChangeScreenModeSuccess,(info) スクリーンモード変更に成功しました,(info) Changing screen mode succeeded,（info）成功切换屏幕显示模式。,（info）成功切換螢幕顯示模式。,,
tvp_win32,TVPSelectXP3FileOrFolder,XP3ファイルかフォルダを選択してください,Select XP3 file or folder,请选择 XP3 封包或文件夹。,請選擇 XP3 封裝檔或資料夾。,,
tvp_win32,TVPD3dErrDeviceLost,D3D : デバイスは消失しています。現在リセットできません。,D3D : The device has been lost but cannot be reset at this time.,D3D：设备已失效，但当前无法进行重置。例如：有其他进程进行过独占式全屏或输出屏幕进行过切换。,D3D：裝置已失效，但目前無法進行重置。例如：有其他處理程序進行過獨佔式全螢幕或輸出螢幕進行過切換。,,
tvp_win32,TVPD3dErrDriverIinternalError,D3D : ドライバ内部でエラーが発生しました。アプリケーションをシャットダウンする必要があります。,D3D : Internal driver error. Applications should destroy and recreate the device when receiving this error. ,D3D：内部驱动错误。请关闭程序后重新启动。,D3D：內部驅動程式錯誤。請關閉程式後重新啟動。,,
tvp_win32,TVPD3dErrInvalidCall,D3D : メソッドの呼び出しが無効です。メソッドのパラメータが有効なポインタではない等の可能性があります。,"D3D : The method call is invalid. For example, a method's parameter may not be a valid pointer.",D3D：调用了无效的方法。例如：函数的参数不是一个有效的指针（pointer）。,D3D：呼叫了無效的方法。例如：函式的參數不是一個有效的指標（pointer）。,,
tvp_win32,TVPD3dErrOutOfVideoMemory,D3D : Direct3D が処理を行うのに十分なディスプレイ メモリがありません,D3D : Direct3D does not have enough display memory to perform the operation. ,D3D：Direct3D 没有足够的显存来执行该操作。,D3D：Direct3D 沒有足夠的顯示記憶體來執行該操作。,,
tvp_win32,TVPD3dErrOutOfMemory,D3D : Direct3D が呼び出しを完了するための十分なメモリを割り当てることができませんでした,D3D : Direct3D could not allocate sufficient memory to complete the call.,D3D：Direct3D 不能分配有效的内存来调用。,D3D：Direct3D 不能配置有效的記憶體來呼叫。,,
tvp_win32,TVPD3dErrWrongTextureFormat,D3D : テクスチャ サーフェイスのピクセル フォーマットが無効です,D3D : The pixel format of the texture surface is not valid.,D3D：错误的纹理格式。,D3D：錯誤的紋理格式。,,
tvp_win32,TVPD3dErrUnsuportedColorOperation,D3D : 色値に対して指定されているテクスチャ ブレンディング処理を、デバイスがサポートしていません,D3D : The device does not support a specified texture-blending operation for color values.,D3D：不支持的色彩操作类型。,D3D：不支援的色彩操作類型。,,
tvp_win32,TVPD3dErrUnsuportedColorArg,D3D : 色値に対して指定されているテクスチャ ブレンディング引数を、デバイスがサポートしていません,D3D : The device does not support a specified texture-blending argument for color values.,D3D：不支持的色彩参数。,D3D：不支援的色彩參數。,,
tvp_win32,TVPD3dErrUnsuportedAalphtOperation,D3D : アルファ チャンネルに対して指定されているテクスチャ ブレンディング処理を、デバイスがサポートしていません,D3D : The device does not support a specified texture-blending operation for the alpha channel.,D3D：不支持的 alpha 通道操作类型。,D3D：不支援的 alpha 通道操作類型。,,
tvp_win32,TVPD3dErrUnsuportedAlphaArg,D3D : アルファ チャンネルに対して指定されているテクスチャ ブレンディング引数を、デバイスがサポートしていません,D3D : The device does not support a specified texture-blending argument for the alpha channel.,D3D：不支持的 alpha 通道参数类型。,D3D：不支援的 alpha 通道參數類型。,,
tvp_win32,TVPD3dErrTooManyOperations,D3D : デバイスがサポートしている数より多くのテクスチャ フィルタリング処理を、アプリケーションが要求しています,D3D : The application is requesting more texture-filtering operations than the device supports.,D3D：此应用程序正在请求进行多于设备支持数量的纹理过滤操作。,D3D：此應用程式正在請求進行多於裝置支援數量的紋理過濾操作。,,
tvp_win32,TVPD3dErrConflictioningTextureFilter,D3D : 現在のテクスチャ フィルタは同時には使えません,D3D : The current texture filters cannot be used together.,D3D：当前纹理过滤不能同时使用。,D3D：目前紋理過濾不能同時使用。,,
tvp_win32,TVPD3dErrUnsuportedFactorValue,D3D : デバイスが指定されたテクスチャ係数値をサポートしていません,D3D : The device does not support the specified texture factor value. Not used; provided only to support older drivers.,D3D：不支持的纹理因子值：未被使用或仅用于老旧设备。,D3D：不支援的紋理因子值：未被使用或僅用於老舊裝置。,,
tvp_win32,TVPD3dErrConflictioningRenderState,D3D : 現在設定されているレンダリング ステートは同時には使えません,D3D : The currently set render states cannot be used together.,D3D：不能同时设置渲染状态。,D3D：不能同時設定渲染狀態。,,
tvp_win32,TVPD3dErrUnsupportedTextureFilter,D3D : デバイスが指定されたテクスチャ フィルタをサポートしていません,D3D : The device does not support the specified texture filter.,D3D：不支持的纹理过滤类型。,D3D：不支援的紋理過濾類型。,,
tvp_win32,TVPD3dErrConflictioningTexturePalette,D3D : 現在のテクスチャは同時には使えません,D3D : The current textures cannot be used simultaneously.,D3D：不能同时使用当前纹理。,D3D：不能同時使用目前紋理。,,
tvp_win32,TVPD3dErrNotFound,D3D : 要求された項目が見つかりませんでした,D3D : The requested item was not found.,D3D：未找到项目未找到。,D3D：未找到項目。,,
tvp_win32,TVPD3dErrMoreData,D3D : 指定されたバッファ サイズに保持できる以上のデータが存在します,D3D : There is more data available than the specified buffer size can hold.,D3D：可以声明更多的缓冲数据。,D3D：可以宣告更多的緩衝資料。,,
tvp_win32,TVPD3dErrDeviceNotReset,D3D : デバイスは、消失していますが、現在リセットできます,D3D : The device has been lost but can be reset at this time.,D3D：设备已失效，当前可以进行重置。,D3D：裝置已失效，目前可以進行重置。,,
tvp_win32,TVPD3dErrNotAvailable,D3D : このデバイスは、照会されたテクニックをサポートしていません,D3D : This device does not support the queried technique.,D3D：当前设备不支持所查询的技术。,D3D：目前裝置不支援所查詢的技術。,,
tvp_win32,TVPD3dErrInvalidDevice,D3D : 要求されたデバイスの種類が無効です,D3D : The requested device type is not valid.,D3D：请求的设备类型无效。,D3D：請求的裝置類型無效。,,
tvp_win32,TVPD3dErrDriverInvalidCall,D3D : 使用されません,D3D : Not used.,未使用。,未使用。,,
tvp_win32,TVPD3dErrWasStillDrawing,D3D : このサーフェスとの間で情報を転送している以前のビット演算が不完全です,D3D : The previous blit operation that is transferring information to or from this surface is incomplete.,D3D：正在进行 blit 操作或未完成操作。,D3D：正在進行 blit 操作或未完成操作。,,
tvp_win32,TVPD3dErrDeviceHung,D3D : このコードを返したデバイスが原因で、ハードウェア アダプターが OS によってリセットされました,D3D : The device that returned this code caused the hardware adapter to be reset by the OS.,D3D：硬件适配器被系统重置。,D3D：硬體介面卡被系統重置。,,
tvp_win32,TVPD3dErrUnsupportedOverlay,D3D : 指定されたサイズまたはディスプレイ モードのオーバーレイをデバイスがサポートしていません。,D3D : The device does not support overlay for the specified size or display mode. ,D3D：当前设备不支持指定的尺寸或者显示模式。,D3D：目前裝置不支援指定的尺寸或者顯示模式。,,
tvp_win32,TVPD3dErrUnsupportedOverlayFormat,D3D : 指定されたサーフェス フォーマットのオーバーレイをデバイスがサポートしていません。,D3D : The device does not support overlay for the specified surface format. ,D3D：当前设备不支持在指定的 surface 格式上 overlay。,D3D：目前裝置不支援在指定的 surface 格式上 overlay。,,
tvp_win32,TVPD3dErrCannotProtectContent,D3D : D3DERR_CANNOTPROTECTCONTENT,D3D : The specified content cannot be protected.,D3D：指定的内容无法被保护。,D3D：指定的內容無法被保護。,,
tvp_win32,TVPD3dErrUnsupportedCrypto,D3D : 指定された暗号化アルゴリズムをサポートしていません。,D3D : The specified cryptographic algorithm is not supported.,D3D：不支持指定的加密算法。,D3D：不支援指定的加密演算法。,,
tvp_win32,TVPD3dErrPresentStatisticsDisJoint,D3D : D3DERR_PRESENT_STATISTICS_DISJOINT,D3D : The present statistics have no orderly sequence.,D3D：当前状态下无有序序列。,D3D：目前狀態下無有序序列。,,
tvp_win32,TVPD3dErrDeviceRemoved,D3D : ハードウェア アダプターが削除されています,D3D : The hardware adapter has been removed.,D3D：硬件适配器已被移除。,D3D：硬體介面卡已被移除。,,
tvp_win32,TVPD3dOkNoAutoGen,D3D : 成功しましたが、このフォーマットに対するミップマップの自動生成はサポートされていません,"D3D : This is a success code. However, the autogeneration of mipmaps is not supported for this format.",D3D：成功。但是，此格式不支持自动 mipmap。,D3D：成功。但是，此格式不支援自動 mipmap。,,
tvp_win32,TVPD3dErrFail,D3D : Direct3D サブシステム内で原因不明のエラーが発生しました,D3D : An undetermined error occurred inside the Direct3D subsystem.,D3D：Direct3D 子系统内发生未知错误。,D3D：Direct3D 子系統內發生未知錯誤。,,
tvp_win32,TVPD3dErrInvalidArg,D3D : 無効なパラメータが関数に渡されました,D3D : An invalid parameter was passed to the returning function.,D3D：回调函数接受到无效的参数。,D3D：回呼函式接收到無效的參數。,,
tvp_win32,TVPD3dUnknownError,D3D : 不明なエラーが発生しました,D3D : Unknown error.,D3D：未知错误。,D3D：未知錯誤。,,
tvp_win32,TVPExceptionAccessViolation,Access Violation: スレッドが適切なアクセス権を持たない仮想アドレスに対して、読み取りまたは書き込みを試みました。,Access Violation: The thread attempts to read from or write to a virtual address for which it does not have access.,Access Violation：该线程尝试读取或写入一个无权访问的虚拟地址。,Access Violation：該執行緒嘗試讀取或寫入一個無權存取的虛擬位址。,,
tvp_win32,TVPExceptionBreakpoint,Break Point: ブレークポイントに到達しました。,Break Point: A breakpoint is encountered.,Break Point：触发断点。,Break Point：觸發中斷點。,,
tvp_win32,TVPExceptionDatatypeMisalignment,Data Type Misalignment: 境界整列をサポートしないハードウェア上で、スレッドが境界に整列していないデータの読み取りまたは書き込みを試みました。たとえば、16 ビットの値は 2 バイトの境界線上に、32 ビットの値は 4 バイトの境界線上に整列していなければなりません。,"Data Type Misalignment: The thread attempts to read or write data that is misaligned on hardware that does not provide alignment. For example, 16-bit values must be aligned on 2-byte boundaries, 32-bit values on 4-byte boundaries, and so on.",Data Type Misalignment：线程尝试在未提供自动对齐的设备上写入未经对齐的数据。,Data Type Misalignment：執行緒嘗試在未提供自動對齊的裝置上寫入未對齊的資料。,,
tvp_win32,TVPExceptionSingleStep,Single Step: トレーストラップなどの単一命令メカニズムから 1 つの命令の実行が通知されました。,Single Step: A trace trap or other single instruction mechanism signals that one instruction is executed.,Single Step： 标志寄存器的TF位为1时，每执行一条指令就会引发该异常。主要用于单步调试。,Single Step： 旗標暫存器的TF位元為1時，每執行一條指令就會引發該例外。主要用於單步偵錯。,,
tvp_win32,TVPExceptionArrayBoundsExceeded,Array Bounds Exceede: スレッドが範囲外の配列要素にアクセスしようとしました。使用中のハードウェアは境界チェックをサポートしています。,"Array Bounds Exceede: The thread attempts to access an array element that is out of bounds, and the underlying hardware supports bounds checking.",Array Bounds Exceede：线程尝试越界访问数组元素，边界检查由硬件底层实现。,Array Bounds Exceede：執行緒嘗試越界存取陣列元素，邊界檢查由硬體底層實作。,,
tvp_win32,TVPExceptionFltDenormalOperand,Denormal Operand: 浮動小数点演算のオペランドの 1 つが不正規化値です。不正規化値とは、小さすぎて標準の浮動小数点値として表現できない値です。,Denormal Operand: One of the operands in a floating point operation is denormal. A denormal value is one that is too small to represent as a standard floating point value.,Denormal Operand：浮点运算操作数异常，由于异常值太小而无法表达为标准浮点值。,Denormal Operand：浮點運算運算元異常，由於異常值太小而無法表達為標準浮點值。,,
tvp_win32,TVPExceptionFltDivideByZero,Divide By Zero: スレッドが浮動小数点値を 0 の浮動小数点除数で除算しようとしました。,Divide By Zero: The thread attempts to divide a floating point value by a floating point divisor of 0 (zero).,Divide By Zero：线程尝试用一个浮点数进行零除。,Divide By Zero：執行緒嘗試用一個浮點數進行零除。,,
tvp_win32,TVPExceptionFltInexactResult,Inexact Result: 浮動小数点演算の結果を 10 進小数で正確に表現できません。,Inexact Result: The result of a floating point operation cannot be represented exactly as a decimal fraction.,Inexact Result：浮点运算的结果不能精确地表示为小数。,Inexact Result：浮點運算的結果不能精確地表示為小數。,,
tvp_win32,TVPExceptionFltInvalidOperation,Invalid Operation: このリストに含まれていない例外が発生しました。,Invalid Operation: A floating point exception that is not included in this list.,Invalid Operation：无效的运算符操作。,Invalid Operation：無效的運算子操作。,,
tvp_win32,TVPExceptionFltOverflow,Overflow: 浮動小数点演算の指数が大きく、対応する型によって表現できません。,Overflow: The exponent of a floating point operation is greater than the magnitude allowed by the corresponding type.,Overflow：浮点运算的指数大于相应类型允许的量值。,Overflow：浮點運算的指數大於相應類型允許的量值。,,
tvp_win32,TVPExceptionFltStackCheck,Stack Check: 浮動小数点演算の結果、スタックのオーバーフローまたはアンダーフローが発生しました。,"Stack Check: The stack has overflowed or underflowed, because of a floating point operation.",Stack Check：由于浮点操作，堆栈已溢出或正在溢出。,Stack Check：由於浮點操作，堆疊已溢位或正在溢位。,,
tvp_win32,TVPExceptionFltUnderflow,Underflow: 浮動小数点演算の指数が小さく、対応する型によって表現できません。,Underflow: The exponent of a floating point operation is less than the magnitude allowed by the corresponding type.,Underflow：浮点运算的指数小于相应类型允许的幅度。,Underflow：浮點運算的指數小於相應類型允許的幅度。,,
tvp_win32,TVPExceptionIntDivideByZero,Divide By Zero: スレッドが整数値を 0 の整数除数で除算しようとしました。,Divide By Zero: The thread attempts to divide an integer value by an integer divisor of 0 (zero).,Divide By Zero：线程尝试用一个整数进行零除。,Divide By Zero：執行緒嘗試用一個整數進行零除。,,
tvp_win32,TVPExceptionIntOverflow,Overflow: 整数演算結果の最上位ビットが繰り上がりました。,"Overflow: The result of an integer operation creates a value that is too large to be held by the destination register. In some cases, this will result in a carry out of the most significant bit of the result. Some operations do not set the carry flag.",Overflow：整数运算结果溢出。在某些情况下，这将导致某些操作无法设置进位标志。,Overflow：整數運算結果溢位。在某些情況下，這將導致某些操作無法設定進位旗標。,,
tvp_win32,TVPExceptionPrivInstruction,Priv Instruction: 現在のマシンモードで許可されていない演算を行う命令をスレッドが実行しようとしました。,Priv Instruction: The thread attempts to execute an instruction with an operation that is not allowed in the current computer mode.,Priv Instruction：线程尝试执行一条当前CPU模式下不允许的指令。,Priv Instruction：執行緒嘗試執行一條目前CPU模式下不允許的指令。,,
tvp_win32,TVPExceptionNoncontinuableException,Noncontinuable Exception: 継続不可能な例外が発生した後、スレッドが実行を継続しようとしました。,Noncontinuable Exception: The thread attempts to continue execution after a non-continuable exception occurs.,Noncontinuable Exception：在不可继续执行的错误发生后，线程依然尝试继续执行。,Noncontinuable Exception：在不可繼續執行的錯誤發生後，執行緒依然嘗試繼續執行。,,
tvp_win32,TVPExceptionGuardPage,Guard Page: PAGE_GUARD で保護されたメモリにアクセスしました。,Guard Page: The thread accessed memory allocated with the PAGE_GUARD modifier.,Guard Page：线程访问了分配在 PAGE_GUARD 修饰符上的内存。,Guard Page：執行緒存取了配置在 PAGE_GUARD 修飾符上的記憶體。,,
tvp_win32,TVPExceptionIllegalInstruction,Illegal Instruction: 無効な命令を実行しようとしました。,Illegal Instruction: The thread tries to execute an invalid instruction.,Illegal Instruction：线程尝试执行一个无效的指令集。,Illegal Instruction：執行緒嘗試執行一個無效的指令集。,,
tvp_win32,TVPExceptionInPageError,In Page Error: 存在しないページへアクセスしようとしました、またシステムはページをロードできません。 ,"In Page Error: The thread tries to access a page that is not present, and the system is unable to load the page. For example, this exception might occur if a network connection is lost while running a program over a network.",In Page Error：线程尝试访问不存在的内存页，且系统无法加载内存页。例如：当通过网络通信时网络断开，则可能触发此错误。,In Page Error：執行緒嘗試存取不存在的記憶體分頁，且系統無法載入記憶體分頁。例如：當透過網路通訊時網路斷開，則可能觸發此錯誤。,,
tvp_win32,TVPExceptionInvalidDisposition,Invalid Disposition: 例外ハンドラは無効な配置をディスパッチャに返しました。C言語のような高水準言語では発生しません。,Invalid Disposition: An exception handler returns an invalid disposition to the exception dispatcher. Programmers using a high-level language such as C should never encounter this exception.,Invalid Disposition：异常处理程序向异常调度程序返回了一个无效值，在高级编程语言中（如C、C++）不应该出现此错误。,Invalid Disposition：例外處理程序向例外調度程序傳回了一個無效值，在高階程式語言中（如C、C++）不應該出現此錯誤。,,
tvp_win32,TVPExceptionInvalidHandle,Invalid Handle: 無効な(おそらく既に閉じられている)カーネルオブジェクトのハンドルを使用しました。,Invalid Handle: The thread used a handle to a kernel object that was invalid (probably because it had been closed.),Invalid Handle：线程使用了一个无效的内核句柄（可能因为已被关闭）。,Invalid Handle：執行緒使用了一個無效的核心控制代碼（可能因為已被關閉）。,,
tvp_win32,TVPExceptionStackOverflow,Stack Overflow: スタックを使い果たしました。,Stack Overflow: The thread uses up its stack.,Stack Overflow：线程栈溢出。,Stack Overflow：執行緒堆疊溢位。,,
tvp_win32,TVPExceptionUnwindCconsolidate,Unwind Consolidate: フレーム結合が実行されました。,Unwind Consolidate: A frame consolidation has been executed.,Unwind Consolidate：已进行帧合并。,Unwind Consolidate：已進行框架合併。,,
tvp_win32,TVPCannotShowModalAreadyShowed,既に表示、もしくは無効になっているウィンドウをモーダル表示することは出来ません。,Cannot Show Modal.,弹窗已显示或无法显示。,彈出視窗已顯示或無法顯示。,,
tvp_win32,TVPCannotShowModalSingleWindow,ウィンドウが1個の時モーダル表示することは出来ません。,Cannot Show Modal. When it is single window.,不能在单窗口模式下显示弹窗。,不能在單一視窗模式下顯示彈出視窗。,,
tvp,TVPInsufficientNumberOfArrays,配列の数が足りません,Insufficient number of arrays.,数组数量不足,陣列數量不足,,
tvp,TVPCaptureAreaOver,キャプチャ領域が範囲を超えています,capture area over.,捕获区域超出范围,擷取區域超出範圍,,
tvp,TVPArrayIsZero,配列が空です,Array is zero.,数组为空,陣列為空,,
tvp,TVPFailedToOpenStorageReadonlyMedia,ストレージを開けません: 読み取り専用メディアです,Failed to open storage:readonly media,无法打开存储：只读介质,無法開啟儲存體：唯讀媒體,,
tvp,TVPNotHavePrimaryLayer,プライマリレイヤがありません,Not have primary layer,没有主图层,沒有主圖層,,
tvp,TVPSetVideoBufferParameterError,SetVideoBuffer の引数が不正です,SetVideoBuffer Parameter Error,SetVideoBuffer 参数错误,SetVideoBuffer 參數錯誤,,
tvp,TVPCannotAllocateSDLTexture,SDL テクスチャを確保できません,Cannot Allocate SDL Texture,无法分配 SDL 纹理,無法配置 SDL 紋理,,
tvp,TVPCannotRetriveLayerTreeOwnerInterface,レイヤツリーオーナインタフェースを取得できません,Cannot Retrive Layer Tree Owner Interface.,无法获取图层树所有者接口,無法取得圖層樹擁有者介面,,
tvp,TVPCannotCreateLowLevelGraphicsSystemMaybeLowMemory,低レベルグラフィックスシステムを作成できません(メモリ不足の可能性があります),Cannot create low level graphics system(maybe low memory).,无法创建底层图形系统（可能是内存不足）,無法建立底層圖形系統（可能是記憶體不足）,,
tvp,TVPCannotExchangeTexture,テクスチャを交換できません,Cannot exchange texture.,无法交换纹理,無法交換紋理,,
tvp,TVPCanvasBeginEffectNoCanvasSizeCallWhileDrawing,Canvas.beginEffect: キャンバスサイズがありません(描画中に呼び出してください),Canvas.beginEffect: no canvas size (call while drawing).,Canvas.beginEffect：没有画布尺寸（请在绘制期间调用）,Canvas.beginEffect：沒有畫布尺寸（請在繪製期間呼叫）,,
tvp,TVPCanvasBeginStencilClipNoCanvasSizeCallWhileDrawing,Canvas.beginStencilClip: キャンバスサイズがありません(描画中に呼び出してください),Canvas.beginStencilClip: no canvas size (call while drawing).,Canvas.beginStencilClip：没有画布尺寸（请在绘制期间调用）,Canvas.beginStencilClip：沒有畫布尺寸（請在繪製期間呼叫）,,
tvp,TVPFBOCreateError,FBO の作成に失敗しました,FBO create error.,FBO 创建失败,FBO 建立失敗,,
tvp,TVPFaildToCreateAudioStream,オーディオストリームの作成に失敗しました,Faild to create audio stream.,音频流创建失败,音訊串流建立失敗,,
tvp,TVPFailedToCreateThread,スレッドの作成に失敗しました: %1,Failed to create thread: %1,线程创建失败：%1,執行緒建立失敗：%1,,
tvp,TVPFailedToOpenUserStorage,ユーザストレージを開けません,Failed to open user storage,无法打开用户存储,無法開啟使用者儲存體,,
tvp,TVPFilenameExtensionNotFound,ファイルの拡張子が見つかりません/%1,Filename extension not found/%1,找不到文件扩展名/%1,找不到副檔名/%1,,
tvp,TVPGLCompositor1stArgumentMustBeAWindow,GLCompositor: 第1引数は Window である必要があります,GLCompositor: 1st argument must be a Window,GLCompositor：第一个参数必须是 Window,GLCompositor：第一個參數必須是 Window,,
tvp,TVPGLCompositorFailedToGetGLContext,GLCompositor: GL コンテキストの取得に失敗しました,GLCompositor: failed to get GL context,GLCompositor：获取 GL 上下文失败,GLCompositor：取得 GL 上下文失敗,,
tvp,TVPIncompatibleTexture,互換性のないテクスチャです,Incompatible texture.,不兼容的纹理,不相容的紋理,,
tvp,TVPIndexTypeIsInvalid,インデックスの型が不正です,Index type is invalid.,索引类型无效,索引類型無效,,
tvp,TVPInvalidFormatBitsPerSample,不正なフォーマットです(BitsPerSample),Invalid format(BitsPerSample).,格式无效（BitsPerSample）,格式無效（BitsPerSample）,,
tvp,TVPInvalidFormat,不正なフォーマットです,Invalid format.,格式无效,格式無效,,
tvp,TVPModalWindowIsNotSupported,モーダルウィンドウはサポートされていません,Modal window is not supported.,不支持模态窗口,不支援模態視窗,,
tvp,TVPREPLModalTimeoutNoModalrespWasWrittenWithinTheTimeoutRepl,REPL モーダルがタイムアウトしました: 制限時間内に modalresp が書き込まれませんでした (-replmodaltimeout 秒。0=無限),REPL modal timeout: no 'modalresp' was written within the timeout (-replmodaltimeout seconds; 0=infinite),REPL 模态超时：在超时时间内未写入 modalresp（-replmodaltimeout 秒，0=无限）,REPL 模態逾時：在逾時時間內未寫入 modalresp（-replmodaltimeout 秒，0=無限）,,
tvp,TVPShaderCompileError,シェーダのコンパイルに失敗しました,Shader compile error.,着色器编译失败,著色器編譯失敗,,
tvp,TVPThisMethodRequireVBO,このメソッドは VBO が必要です,This method require VBO.,此方法需要 VBO,此方法需要 VBO,,
tvp,TVPThisVertexBufferIsConstant,この頂点バッファは定数です,This vertex buffer is constant.,此顶点缓冲区是常量,此頂點緩衝區是常數,,
tvp,TVPUnableToInitializeOpenGL,OpenGL を初期化できません,Unable to initialize OpenGL.,无法初始化 OpenGL,無法初始化 OpenGL,,
tvp,TVPUnableToInitializeGladEGL,glad EGL を初期化できません,Unable to initialize glad EGL.,无法初始化 glad EGL,無法初始化 glad EGL,,
tvp,TVPUnableToLoadGladGLESN,glad GLES を読み込めません (GL 関数を解決できませんでした)。\nOpenGL ES コンテキストの作成に失敗している可能性があります。\n直前のログのエラーを確認してください。\nWindows では OpenGL ドライバが ES プロファイル非対応で\nANGLE の libEGL.dll / libGLESv2.dll も見つからない場合に発生します\n,Unable to load glad GLES (could not resolve GL functions).\nOpenGL ES context creation may have failed;\ncheck the preceding errors in the log.\nOn Windows this happens when the OpenGL driver lacks ES profile support\nand ANGLE's libEGL.dll / libGLESv2.dll are not found.\n,无法加载 glad GLES（无法解析 GL 函数）。\nOpenGL ES 上下文可能创建失败；请检查日志中之前的错误。\n在 Windows 上，当 OpenGL 驱动不支持 ES profile\n且找不到 ANGLE 的 libEGL.dll / libGLESv2.dll 时会发生\n,無法載入 glad GLES（無法解析 GL 函式）。\nOpenGL ES 上下文可能建立失敗；請檢查日誌中之前的錯誤。\n在 Windows 上，當 OpenGL 驅動程式不支援 ES profile\n且找不到 ANGLE 的 libEGL.dll / libGLESv2.dll 時會發生\n,,
tvp,TVPUnknownDataType,不明なデータ型です,Unknown data type.,未知的数据类型,未知的資料類型,,
tvp,TVPVertexBinderIsEmpty,VertexBinder が空です,VertexBinder is empty.,VertexBinder 为空,VertexBinder 為空,,
tvp,TVPCannotGetLayerEventTargetInterface,layerEventTargetInterface を取得できません,cannot get layerEventTargetInterface,无法获取 layerEventTargetInterface,無法取得 layerEventTargetInterface,,
tvp,TVPCannotSerializeCyclicReferenceToJSON,循環参照を JSON にシリアライズできません,cannot serialize cyclic reference to JSON,无法将循环引用序列化为 JSON,無法將循環參照序列化為 JSON,,
tvp,TVPCannotSerializeNonFiniteRealInfNanToJSON,非有限の実数(inf/nan)を JSON にシリアライズできません,cannot serialize non-finite real (inf/nan) to JSON,无法将非有限实数（inf/nan）序列化为 JSON,無法將非有限實數（inf/nan）序列化為 JSON,,
tvp,TVPCannotSerializeObjectToJSONOnlyDictionaryArraySupported,オブジェクトを JSON にシリアライズできません(Dictionary/Array のみ対応),cannot serialize object to JSON (only Dictionary/Array supported),无法将对象序列化为 JSON（仅支持 Dictionary/Array）,無法將物件序列化為 JSON（僅支援 Dictionary/Array）,,
tvp,TVPCannotSerializeOctetToJSON,octet を JSON にシリアライズできません,cannot serialize octet to JSON,无法将 octet 序列化为 JSON,無法將 octet 序列化為 JSON,,
tvp,TVPSetViewportWallpaperWallpaperMustBeAStringLayerOrBitmap,setViewportWallpaper: wallpaper は文字列・Layer・Bitmap のいずれかである必要があります,"setViewportWallpaper: wallpaper must be a string, Layer or Bitmap",setViewportWallpaper：wallpaper 必须是字符串、Layer 或 Bitmap,setViewportWallpaper：wallpaper 必須是字串、Layer 或 Bitmap,,
tvp,TVPNotFoundInShader,シェーダに %1 が見つかりません,Not found %1 in shader.,着色器中未找到 %1,著色器中未找到 %1,,
tvp,TVPCannotRetriveInstance,%1 インスタンスを取得できません,Cannot retrive %1 instance.,无法获取 %1 实例,無法取得 %1 實例,,
tvp,TVPParameterRequireClassInstance,引数には %1 クラスのインスタンスが必要です,Parameter require %1 class instance.,参数需要 %1 类的实例,參數需要 %1 類別的實例,,
tvp,TVPUnimplementedCharacterDataForFullColored,未実装: tTVPCharacterData::%1 (FullColored),unimplemented: tTVPCharacterData::%1 for FullColored,未实现: tTVPCharacterData::%1 (FullColored),未實作: tTVPCharacterData::%1 (FullColored),,
tvp,TVPLicenseListHeader,同梱コンポーネントのライセンス (%1 件),Bundled component licenses (%1),内置组件许可证（%1 项）,內建元件授權條款（%1 項）,,
tvp,TVPLicenseListFooter,全文は -license=<名前> を付けて起動すると標準出力に表示できます,Run with -license=<name> to print the full text to standard output.,使用 -license=<名称> 启动可将许可证全文输出到标准输出。,使用 -license=<名稱> 啟動可將授權條款全文輸出到標準輸出。,,
tvp,TVPLicenseNotFound,ライセンス情報が見つかりません: %1,license information not found: %1,未找到许可证信息：%1,未找到授權資訊：%1,,
